Client_Name,Client_ID,Settlement_Currency,Bank_Name,Account_Number,Swift_Code,Source_System,Creation_Date
Dov Cronchey,CLT001,PKR,Maple Leaf Bank,113000609,CHASUS33,SystemD,10/31/2020
Carson Took,CLT002,NGN,Emerald Bank,101100045,BOFAUS3N,SystemG,3/18/2020
Rob Dybald,CLT003,EUR,Mountain View Bank,91101455,WFBIUS6S,SystemF,10-08-2020
Joelle McGiffie,CLT004,IDR,Silver Lake Bank,242071237,PNCCUS33,SystemA,5/29/2021
Wilt Runchman,CLT005,CNY,Maple Leaf Bank,123006389,MRMDUS33,SystemI,01-04-2021
Cacilia Helsdon,CLT006,IDR,Silver Lake Bank,322270262,CITIUS33,SystemH,10-06-2020
Kimball Hardwell,CLT007,HTG,Ocean Breeze Bank,71001630,PNCCUS33,SystemI,07-08-2021
Tony Jurn,CLT008,JPY,Silver Lake Bank,21114205,CHASUS33,SystemJ,3/29/2021
Konrad Sellstrom,CLT009,NIO,Rainbow Bank,82907736,CITIUS33,SystemE,03-08-2021
Durand Ketchen,CLT010,IDR,Ocean Breeze Bank,271071321,CITIUS33,SystemB,04-07-2020
Constantin Branscombe,CLT001,EUR,Sunset Bank,63106268,BOFAUS3N,SystemA,08-02-2020
Gil Coxall,CLT002,THB,Mountain View Bank,44208936,CITIUS33,SystemE,11/23/2020
Terrie Worsalls,CLT003,PKR,Golden Gate Bank,67008582,BOFAUS3N,SystemF,6/15/2020
Kin Gingold,CLT004,EUR,Rainbow Bank,26007508,BOFAUS3N,SystemC,05-08-2020
Maurise MacClay,CLT005,PEN,Silver Lake Bank,107089652,CITIUS33,SystemI,02-06-2021
Vinny Kitchiner,CLT006,PAB,Ocean Breeze Bank,54000030,PNCCUS33,SystemC,10/31/2020
Early Stallard,CLT007,JPY,Pineapple Bank,275071408,PNCCUS33,SystemJ,7/20/2020
Michel Puller,CLT008,BAM,Pineapple Bank,81200544,BOFAUS3N,SystemG,07-08-2021
Dominik Eilles,CLT009,BRL,Maple Leaf Bank,91900465,WFBIUS6S,SystemG,1/27/2021
Ives Feaveer,CLT010,IDR,Emerald Bank,321170282,CITIUS33,SystemG,11-02-2021
Nadine Wrathmell,CLT001,CNY,Silver Lake Bank,11100915,BOFAUS3N,SystemF,6/17/2020
Corinne Raleston,CLT002,PHP,Starlight Bank,44000037,CHASUS33,SystemA,2/24/2020
Daniel Fowls,CLT003,CZK,Emerald Bank,323270436,WFBIUS6S,SystemE,11-07-2020
Cherice Causley,CLT004,IDR,Rainbow Bank,63115738,FTBCUS3C,SystemC,2/17/2021
Sergio Costar,CLT005,IDR,Emerald Bank,122105278,WFBIUS6S,SystemC,12-12-2021
Michael Raitt,CLT006,ALL,Ocean Breeze Bank,125000024,BOFAUS3N,SystemA,9/28/2021
Armando Christofe,CLT007,RUB,Ocean Breeze Bank,111015159,WFBIUS6S,SystemF,4/25/2021
Jayne Coldbath,CLT008,PEN,Emerald Bank,307072278,BOFAUS3N,SystemF,11/19/2021
Petey Abrashkov,CLT009,XOF,Mountain View Bank,271070801,CITIUS33,SystemH,11-03-2020
Zachary Bilby,CLT010,AMD,Silver Lake Bank,71923323,FTBCUS3C,SystemH,09-08-2021
Rhonda Elcome,CLT001,CNY,Pineapple Bank,42200279,PNCCUS33,SystemF,10/14/2021
Caryn Legge,CLT002,SEK,Ocean Breeze Bank,322270055,CITIUS33,SystemC,12/29/2021
Farrell Badrick,CLT003,BRL,Sunset Bank,28000024,CHASUS33,SystemC,03-01-2020
Marlane Wickins,CLT004,EUR,Ocean Breeze Bank,111000614,CHASUS33,SystemB,12/16/2020
Hilliard MacDunleavy,CLT005,SEK,Golden Gate Bank,122240890,CITIUS33,SystemG,8/20/2020
Sydelle Durran,CLT006,PEN,Silver Lake Bank,67011294,BOFAUS3N,SystemI,8/20/2020
Haven Akaster,CLT007,HRK,Silver Lake Bank,72000915,PNCCUS33,SystemC,03-08-2020
Louisa Davidowich,CLT008,PLN,Rainbow Bank,91901862,CITIUS33,SystemE,12-09-2020
Maison Clough,CLT009,BRL,Golden Gate Bank,52102590,PNCCUS33,SystemA,7/17/2021
Morganne Grodden,CLT010,JPY,Emerald Bank,121000248,WFBIUS6S,SystemB,05-01-2020
Oates Ingliby,CLT001,RUB,Ocean Breeze Bank,101089292,WFBIUS6S,SystemD,2/21/2021
Tersina Linkleter,CLT002,ZAR,Starlight Bank,72000915,PNCCUS33,SystemA,1/24/2020
Tanitansy Quennell,CLT003,IDR,Ocean Breeze Bank,31302117,SVRNUS33,SystemI,04-11-2021
Ellen Ambroisin,CLT004,BRL,Sunset Bank,73921763,BOFAUS3N,SystemG,7/16/2021
Rosamond Fausch,CLT005,USD,Sunset Bank,83000108,PNCCUS33,SystemB,12/20/2021
Edwin Bradd,CLT006,SEK,Golden Gate Bank,221270758,SVRNUS33,SystemB,10/24/2020
Jillie Coldtart,CLT007,CNY,Rainbow Bank,28000325,BOFAUS3N,SystemH,4/18/2020
Nikkie Gornall,CLT008,CUP,Sunset Bank,84301767,BOFAUS3N,SystemB,3/19/2021
Shell Peddar,CLT009,THB,Maple Leaf Bank,53900377,BOFAUS3N,SystemA,7/22/2020
Merv Martinet,CLT010,USD,Maple Leaf Bank,21202311,PNCCUS33,SystemF,3/15/2020
Francklyn Edie,CLT001,VEF,Starlight Bank,62001209,PNCCUS33,SystemJ,05-02-2021
Veronika Linnemann,CLT002,CZK,Pineapple Bank,42202426,PNCCUS33,SystemB,7/29/2020
Juanita Simmins,CLT003,CNY,Rainbow Bank,113119105,CITIUS33,SystemJ,05-04-2021
Nels Mouth,CLT004,CNY,Mountain View Bank,107089555,CHASUS33,SystemA,02-07-2021
Zebadiah Idel,CLT005,EUR,Emerald Bank,55001766,PNCCUS33,SystemH,9/16/2020
Kamila De Marchi,CLT006,ARS,Mountain View Bank,111901629,CITIUS33,SystemH,05-10-2021
Herb Nursey,CLT007,BRL,Ocean Breeze Bank,83900363,USBKUS44IMT,SystemG,11-04-2020
Bond Wheatman,CLT008,XAF,Maple Leaf Bank,83905449,FTBCUS3C,SystemB,5/22/2021
Arne Elington,CLT009,VEF,Silver Lake Bank,111913798,NFBKUS33,SystemF,5/18/2020
Kort Heggie,CLT010,USD,Golden Gate Bank,104000058,WFBIUS6S,SystemC,01-10-2021
Moritz Morville,CLT001,PHP,Maple Leaf Bank,31100209,CITIUS33,SystemD,1/17/2020
Rollo Kondratovich,CLT002,COP,Emerald Bank,11101529,BOFAUS3N,SystemH,06-03-2020
Agna Strafen,CLT003,CNY,Silver Lake Bank,242071305,PNCCUS33,SystemG,7/13/2021
Latisha Verrick,CLT004,IDR,Pineapple Bank,22300186,MRMDUS33,SystemI,12-01-2020
Estele Gonnin,CLT005,JPY,Mountain View Bank,62205665,PNCCUS33,SystemG,10-01-2021
Ellery Wiggett,CLT006,CNY,Ocean Breeze Bank,55000372,PNCCUS33,SystemA,7/30/2021
Donall Milverton,CLT007,PLN,Silver Lake Bank,91310929,CITIUS33,SystemC,9/16/2020
Ragnar MacKain,CLT008,RSD,Rainbow Bank,321070007,CITIUS33,SystemI,9/18/2020
Clare Ferrieri,CLT009,BRL,Maple Leaf Bank,31000095,WFBIUS6S,SystemH,12-10-2020
Catrina McQuarter,CLT010,RUB,Golden Gate Bank,83907913,CITIUS33,SystemE,4/26/2021
Terri Evitts,CLT001,IQD,Maple Leaf Bank,28001081,MRMDUS33,SystemF,11-04-2021
Tess Prendergast,CLT002,BRL,Ocean Breeze Bank,81000210,USBKUS44IMT,SystemD,8/23/2020
Darcee Pantin,CLT003,XOF,Maple Leaf Bank,92900383,USBKUS44IMT,SystemE,8/21/2020
Melvyn Hairyes,CLT004,BDT,Mountain View Bank,28000082,CITIUS33,SystemG,11/20/2021
Isak Haldenby,CLT005,EUR,Ocean Breeze Bank,122100024,CHASUS33,SystemF,01-07-2021
Jamesy Gertray,CLT006,CNY,Golden Gate Bank,113102329,CITIUS33,SystemF,2/23/2021
Fritz Alexandersen,CLT007,BRL,Mountain View Bank,71901882,PNCCUS33,SystemC,11/23/2020
Martica Bendik,CLT008,XOF,Rainbow Bank,52100893,PNCCUS33,SystemF,05-12-2021
Lyndel Ilieve,CLT009,TZS,Silver Lake Bank,22000127,BOFAUS3N,SystemE,7/25/2021
Mignon Idwal Evans,CLT010,BRL,Pineapple Bank,31205913,PNCCUS33,SystemA,07-07-2020
Ricoriki Huggens,CLT001,EUR,Golden Gate Bank,83908307,CITIUS33,SystemC,4/18/2021
Steffie Blades,CLT002,CZK,Pineapple Bank,114000019,BOFAUS3N,SystemC,07-10-2020
Roxanna Hallyburton,CLT003,ARS,Rainbow Bank,41200050,FTBCUS3C,SystemI,8/13/2021
Kira Scardafield,CLT004,CNY,Golden Gate Bank,271973487,FTBCUS3C,SystemJ,10/25/2021
Mufinella Fideler,CLT005,CNY,Rainbow Bank,111104785,NFBKUS33,SystemH,7/19/2020
Twyla Camell,CLT006,RUB,Pineapple Bank,56009110,BOFAUS3N,SystemA,3/28/2020
Jolynn McDool,CLT007,RUB,Ocean Breeze Bank,51403915,PNCCUS33,SystemB,08-12-2021
Vanessa Benoist,CLT008,MXN,Ocean Breeze Bank,322270495,USBKUS44IMT,SystemE,04-08-2021
Bay Tipens,CLT009,VND,Mountain View Bank,122000661,BOFAUS3N,SystemJ,09-07-2020
Jordon Cottee,CLT010,YER,Mountain View Bank,111100792,NFBKUS33,SystemI,8/14/2020
Celine Wyldish,CLT001,CNY,Pineapple Bank,26073079,WFBIUS6S,SystemG,10/28/2020
Sigfrid Tidcomb,CLT002,EUR,Rainbow Bank,71107699,CITIUS33,SystemF,7/13/2020
Gabe Essberger,CLT003,CAD,Rainbow Bank,55001122,PNCCUS33,SystemF,10/15/2021
Roobbie Locock,CLT004,PLN,Golden Gate Bank,54000030,PNCCUS33,SystemF,4/20/2021
Vladimir Astupenas,CLT005,IDR,Ocean Breeze Bank,51503174,CITIUS33,SystemF,1/27/2021
Nikolaus Chrichton,CLT006,PEN,Pineapple Bank,42100272,FTBCUS3C,SystemJ,04-07-2020
Abramo Ravelus,CLT007,PLN,Starlight Bank,113024915,NFBKUS33,SystemA,09-01-2021
Dalenna Blaymires,CLT008,RSD,Golden Gate Bank,102103258,CITIUS33,SystemD,02-09-2020
Wanda Whiten,CLT009,ERN,Sunset Bank,101102331,CITIUS33,SystemJ,3/27/2021
Bald Lethcoe,CLT010,CNY,Emerald Bank,122101191,WFBIUS6S,SystemD,02-06-2020
Fidela Temlett,CLT001,EUR,Sunset Bank,211470319,BOFAUS3N,SystemB,2/23/2021
Daphna Larwood,CLT002,CNY,Ocean Breeze Bank,53108580,WFBIUS6S,SystemG,4/14/2020
Florian Allner,CLT003,XOF,Rainbow Bank,325070951,CHASUS33,SystemF,07-02-2020
Chrissie Jacmard,CLT004,KPW,Ocean Breeze Bank,41215537,WFBIUS6S,SystemC,10-11-2021
Federica Sterte,CLT005,PEN,Mountain View Bank,124002971,WFBIUS6S,SystemI,03-11-2021
Ana Mustoe,CLT006,RUB,Silver Lake Bank,61209756,WFBIUS6S,SystemA,2/28/2020
Wesley Jori,CLT007,CNY,Ocean Breeze Bank,91300010,WFBIUS6S,SystemC,2/24/2021
Christabella Savoury,CLT008,CNY,Golden Gate Bank,22000020,MRMDUS33,SystemI,01-04-2021
Dominique Clausius,CLT009,MXN,Silver Lake Bank,64003768,WFBIUS6S,SystemJ,11-12-2021
Pru Ferrarone,CLT010,IDR,Mountain View Bank,125007098,MRMDUS33,SystemD,11/15/2020
Maurizia Dreghorn,CLT001,JPY,Sunset Bank,41203895,PNCCUS33,SystemE,7/21/2021
Lindy Callery,CLT002,EUR,Rainbow Bank,63000021,WFBIUS6S,SystemB,05-03-2020
Hubey Tutsell,CLT003,CAD,Pineapple Bank,64101673,BOFAUS3N,SystemH,01-07-2020
Garnette Bortolussi,CLT004,CNY,Silver Lake Bank,64103833,FTBCUS3C,SystemB,03-01-2020
Rae Kingsmill,CLT005,CNY,Pineapple Bank,122000247,WFBIUS6S,SystemH,6/20/2021
Gav Franklen,CLT006,NGN,Emerald Bank,43300738,PNCCUS33,SystemH,10/14/2021
Lannie Bambridge,CLT007,RUB,Sunset Bank,83000137,CHASUS33,SystemI,12/22/2021
Rochelle Abrahami,CLT008,MXN,Maple Leaf Bank,102000076,WFBIUS6S,SystemE,4/20/2020
Krisha Struss,CLT009,PHP,Sunset Bank,21000322,BOFAUS3N,SystemE,07-03-2020
Virge Vaudin,CLT010,IDR,Rainbow Bank,322271096,CITIUS33,SystemE,1/28/2021
Reina Vamplers,CLT001,HRK,Golden Gate Bank,64101301,CITIUS33,SystemD,12-11-2021
Idelle Stoller,CLT002,CAD,Emerald Bank,67091780,WFBIUS6S,SystemG,5/21/2021
Annabel Matusevich,CLT003,NGN,Maple Leaf Bank,254070116,CITIUS33,SystemG,07-02-2021
Walker Jay,CLT004,ZAR,Golden Gate Bank,53100559,BOFAUS3N,SystemI,8/16/2021
Dorene Volonte,CLT005,EUR,Mountain View Bank,63201040,BOFAUS3N,SystemH,04-07-2021
Bud Walne,CLT006,BRL,Sunset Bank,121141534,WFBIUS6S,SystemC,9/20/2020
Priscilla Bamell,CLT007,IDR,Golden Gate Bank,92905278,WFBIUS6S,SystemJ,07-11-2021
Raddie Clancey,CLT008,PHP,Maple Leaf Bank,122240890,CITIUS33,SystemB,07-06-2021
Thatcher Parkman,CLT009,CRC,Golden Gate Bank,242071305,PNCCUS33,SystemH,8/27/2021
Sandro Panniers,CLT010,CNY,Golden Gate Bank,321070007,CITIUS33,SystemB,03-04-2021
Charil Dunn,CLT001,PHP,Emerald Bank,63100552,BOFAUS3N,SystemH,5/17/2020
Rori Calder,CLT002,CNY,Maple Leaf Bank,63114632,PNCCUS33,SystemC,12/23/2021
Jo McCague,CLT003,EGP,Mountain View Bank,65403150,CITIUS33,SystemI,12/24/2021
Urban Walsh,CLT004,CNY,Maple Leaf Bank,74908594,FTBCUS3C,SystemJ,8/20/2020
Marje Toffano,CLT005,RUB,Maple Leaf Bank,107002192,WFBIUS6S,SystemC,12/26/2020
Cazzie Keary,CLT006,CNY,Sunset Bank,221371822,MRMDUS33,SystemA,5/23/2020
Mahalia Errichelli,CLT007,CAD,Maple Leaf Bank,53000219,WFBIUS6S,SystemF,2/26/2021
Janith Cordelle,CLT008,SEK,Mountain View Bank,111924350,CITIUS33,SystemH,9/22/2020
Constantine Van Halle,CLT009,IDR,Ocean Breeze Bank,26009645,CITIUS33,SystemE,11/19/2021
Pincus Egdell,CLT010,ARS,Rainbow Bank,122240104,CITIUS33,SystemE,03-03-2020
Darsie Hourstan,CLT001,MXN,Ocean Breeze Bank,56001011,BOFAUS3N,SystemJ,09-12-2020
Thaddeus Ugo,CLT002,UAH,Sunset Bank,111913798,NFBKUS33,SystemF,07-01-2021
Bryanty McGrey,CLT003,CNY,Rainbow Bank,114993906,CITIUS33,SystemG,5/16/2020
Ermentrude Coat,CLT004,EUR,Emerald Bank,65405491,CITIUS33,SystemJ,1/26/2021
Jody Higford,CLT005,CNY,Rainbow Bank,255072935,WFBIUS6S,SystemE,10/27/2021
Collen Gypps,CLT006,RUB,Mountain View Bank,121181866,WFBIUS6S,SystemD,5/25/2021
Ottilie Boost,CLT007,RUB,Golden Gate Bank,91409681,CITIUS33,SystemE,09-09-2020
Winslow Stanluck,CLT008,BRL,Starlight Bank,43300738,PNCCUS33,SystemA,10-08-2021
Christy Bullent,CLT009,IQD,Emerald Bank,56004720,PNCCUS33,SystemB,06-12-2020
Warner Seelbach,CLT010,RUB,Ocean Breeze Bank,122242607,WFBIUS6S,SystemI,5/18/2020
Quinn Wybern,CLT001,RUB,Golden Gate Bank,65103887,PNCCUS33,SystemF,1/26/2021
Janice Stribling,CLT002,USD,Starlight Bank,74912988,PNCCUS33,SystemD,04-09-2020
Junina Mettrick,CLT003,ALL,Emerald Bank,81221497,BOFAUS3N,SystemF,6/18/2021
Sigfrid O'Keevan,CLT004,CNY,Sunset Bank,91409704,CITIUS33,SystemB,4/22/2020
Wells Youle,CLT005,EUR,Golden Gate Bank,102307164,WFBIUS6S,SystemF,6/23/2020
Dania Gribbins,CLT006,BRL,Golden Gate Bank,102001017,CHASUS33,SystemD,8/29/2021
Moreen Wales,CLT007,CNY,Rainbow Bank,102001017,CHASUS33,SystemE,10-02-2020
Kyle Priel,CLT008,ARS,Starlight Bank,71004200,USBKUS44IMT,SystemC,10/19/2020
Virgilio Rigler,CLT009,IDR,Ocean Breeze Bank,124103799,WFBIUS6S,SystemH,04-05-2020
Petronella Cridlon,CLT010,PHP,Silver Lake Bank,42104249,PNCCUS33,SystemB,05-05-2021
Derrik Willoughway,CLT001,CAD,Rainbow Bank,113110816,CITIUS33,SystemJ,4/28/2020
Jaime Sinclar,CLT002,IDR,Golden Gate Bank,84204709,CITIUS33,SystemD,6/24/2020
Roddie Toplin,CLT003,EUR,Mountain View Bank,211070175,CITIUS33,SystemG,11/18/2021
Alfonso Arundel,CLT004,CNY,Golden Gate Bank,56004089,WFBIUS6S,SystemE,10/28/2020
Reginald Lockyear,CLT005,IDR,Golden Gate Bank,63100714,BOFAUS3N,SystemD,06-06-2020
Imogen Rogerot,CLT006,PHP,Golden Gate Bank,101109156,CITIUS33,SystemD,10-04-2020
Dewain Wrey,CLT007,PKR,Ocean Breeze Bank,263190812,FTBCUS3C,SystemE,3/22/2021
Caro Jarrard,CLT008,CNY,Mountain View Bank,72408504,FTBCUS3C,SystemE,11-03-2021
Bary Ligoe,CLT009,USD,Emerald Bank,43303832,PNCCUS33,SystemA,6/22/2021
Allsun Mackelworth,CLT010,CNY,Mountain View Bank,72402348,FTBCUS3C,SystemH,7/22/2021
Elinor McGonigal,CLT001,BYR,Sunset Bank,43300738,PNCCUS33,SystemH,12/27/2021
Phebe Orrell,CLT002,ETB,Golden Gate Bank,72400052,FTBCUS3C,SystemD,10-07-2020
Jayme Dennett,CLT003,HNL,Ocean Breeze Bank,65300211,CITIUS33,SystemG,3/15/2020
Min Benedtti,CLT004,PEN,Rainbow Bank,51402233,CITIUS33,SystemB,7/26/2020
Filbert Vasentsov,CLT005,BGN,Starlight Bank,65400140,NFBKUS33,SystemB,11/29/2020
Tybi Schettini,CLT006,IDR,Golden Gate Bank,51400507,BOFAUS3N,SystemG,8/15/2021
Barnett Mainwaring,CLT007,CZK,Sunset Bank,122000661,BOFAUS3N,SystemJ,7/21/2021
Jenelle Pillington,CLT008,TZS,Pineapple Bank,231170181,SVRNUS33,SystemF,07-11-2020
Trstram Imlach,CLT009,RUB,Sunset Bank,72405455,FTBCUS3C,SystemH,04-01-2021
Dunc Whittock,CLT010,CZK,Starlight Bank,271972064,CITIUS33,SystemG,5/18/2021
Loutitia Brill,CLT001,KRW,Mountain View Bank,86300041,FTBCUS3C,SystemJ,6/13/2020
Godfree Matton,CLT002,RUB,Pineapple Bank,122187076,WFBIUS6S,SystemJ,08-06-2021
Ruthi Levay,CLT003,IDR,Silver Lake Bank,122187076,WFBIUS6S,SystemG,3/24/2021
Nicko Dohms,CLT004,AMD,Emerald Bank,121000536,BOFAUS3N,SystemJ,3/23/2020
Baryram Barus,CLT005,IDR,Golden Gate Bank,113024520,WFBIUS6S,SystemI,5/26/2020
Jillayne Simmgen,CLT006,EUR,Silver Lake Bank,222371876,MRMDUS33,SystemC,06-09-2021
Kinna Jaggi,CLT007,CNY,Mountain View Bank,65400137,CHASUS33,SystemG,2/14/2020
Corrie Delwater,CLT008,ALL,Sunset Bank,242071758,FTBCUS3C,SystemE,5/31/2020
Timothee Huetson,CLT009,ARS,Sunset Bank,31100908,CITIUS33,SystemH,5/26/2020
Sibelle Yockley,CLT010,PHP,Golden Gate Bank,124303065,BOFAUS3N,SystemA,8/14/2020
Almira Levington,CLT001,CLP,Emerald Bank,21410695,NFBKUS33,SystemJ,2/24/2021
Jesse Creer,CLT002,PHP,Pineapple Bank,231271404,SVRNUS33,SystemJ,08-01-2020
Benjamin Sawfoot,CLT003,CNY,Silver Lake Bank,81504172,CITIUS33,SystemG,9/25/2021
Rollo Hiers,CLT004,EUR,Sunset Bank,72000805,BOFAUS3N,SystemH,02-07-2021
Joyan Bootland,CLT005,SEK,Silver Lake Bank,31300562,PNCCUS33,SystemH,02-03-2021
Evelin Wonfar,CLT006,SEK,Rainbow Bank,51403915,PNCCUS33,SystemI,9/29/2021
Stewart Conyers,CLT007,CNY,Silver Lake Bank,83002342,FTBCUS3C,SystemJ,11-02-2021
Trenna Rushmere,CLT008,CNY,Silver Lake Bank,71923909,FTBCUS3C,SystemC,4/22/2020
Konstance Hefner,CLT009,IDR,Golden Gate Bank,41203824,WFBIUS6S,SystemC,5/20/2020
Fremont Copnell,CLT010,EUR,Pineapple Bank,122233645,CITIUS33,SystemI,08-11-2021
Dominic Breinl,CLT001,SEK,Rainbow Bank,63113057,FTBCUS3C,SystemI,5/26/2020
Tedi Abramow,CLT002,CZK,Emerald Bank,111320006,CITIUS33,SystemA,01-09-2020
Emilie Riddel,CLT003,PHP,Pineapple Bank,11300605,BOFAUS3N,SystemG,4/30/2020
Rene Bugby,CLT004,EUR,Silver Lake Bank,253170305,WFBIUS6S,SystemC,9/19/2020
Betsy Sorton,CLT005,IDR,Sunset Bank,51404985,WFBIUS6S,SystemI,10/15/2021
Harlen Tatnell,CLT006,COP,Ocean Breeze Bank,281073458,PNCCUS33,SystemB,5/15/2021
Madelene Bairnsfather,CLT007,EUR,Emerald Bank,21309379,CHASUS33,SystemE,10/23/2021
Emogene Pesik,CLT008,THB,Mountain View Bank,55002341,BOFAUS3N,SystemH,2/24/2021
Carolee Meineking,CLT009,RUB,Pineapple Bank,111025013,WFBIUS6S,SystemD,11-12-2021
Kory Polfer,CLT010,CZK,Emerald Bank,91215927,USBKUS44IMT,SystemF,03-03-2021
Bernarr Sturte,CLT001,ARS,Maple Leaf Bank,322270262,CITIUS33,SystemE,5/20/2021
Georgie Apfelmann,CLT002,RSD,Maple Leaf Bank,67007130,BOFAUS3N,SystemE,09-03-2021
Yvonne Garvie,CLT003,CZK,Starlight Bank,67004764,CITIUS33,SystemF,9/16/2021
Calv Heintsch,CLT004,JPY,Ocean Breeze Bank,111907775,CITIUS33,SystemI,5/22/2020
Chas Roz,CLT005,HRK,Silver Lake Bank,322271779,CITIUS33,SystemJ,9/17/2020
Demetris Colbeck,CLT006,RUB,Rainbow Bank,72408504,FTBCUS3C,SystemA,6/19/2021
Karole Nutkins,CLT007,RUB,Golden Gate Bank,67011993,CITIUS33,SystemI,1/28/2020
Tatiania Veschambre,CLT008,RUB,Silver Lake Bank,65401369,NFBKUS33,SystemG,3/23/2021
Arvie Burchall,CLT009,GMD,Maple Leaf Bank,111321856,CITIUS33,SystemH,2/19/2021
Stephenie Randerson,CLT010,CNY,Starlight Bank,72000326,CHASUS33,SystemD,4/24/2020
Kathleen Mizzen,CLT001,PHP,Emerald Bank,51403915,PNCCUS33,SystemH,9/26/2021
Marta Boles,CLT002,EUR,Sunset Bank,61000256,WFBIUS6S,SystemJ,6/19/2020
Arte Bourne,CLT003,ZAR,Pineapple Bank,91409704,CITIUS33,SystemI,9/29/2021
Alica MacKenzie,CLT004,USD,Mountain View Bank,263190812,FTBCUS3C,SystemA,03-07-2020
Zachery Robus,CLT005,IDR,Mountain View Bank,31000011,WFBIUS6S,SystemA,10-05-2020
Jeane Tuke,CLT006,CNY,Starlight Bank,63109430,WFBIUS6S,SystemF,06-09-2021
Adan McIndoe,CLT007,PLN,Silver Lake Bank,92101085,CITIUS33,SystemH,06-02-2020
Sanderson Hamal,CLT008,MDL,Rainbow Bank,92900985,CITIUS33,SystemB,7/22/2021
Casey Millwater,CLT009,RSD,Rainbow Bank,11501035,BOFAUS3N,SystemE,06-04-2020
Jaquith Pechard,CLT010,SEK,Emerald Bank,75900465,USBKUS44IMT,SystemG,09-06-2020
Andria Rickword,CLT001,ETB,Emerald Bank,222371876,MRMDUS33,SystemG,3/30/2020
Joana Tolomei,CLT002,CNY,Mountain View Bank,111901690,CITIUS33,SystemG,10-06-2020
Gertrude Dugdale,CLT003,MYR,Rainbow Bank,111993776,CHASUS33,SystemI,04-05-2021
Mathe Nehls,CLT004,ZAR,Golden Gate Bank,41215278,PNCCUS33,SystemE,1/29/2021
Huey Ellery,CLT005,CNY,Starlight Bank,55001876,PNCCUS33,SystemC,5/27/2021
Katuscha Beech,CLT006,PEN,Pineapple Bank,41000124,PNCCUS33,SystemB,08-04-2021
Dora Haitlie,CLT007,RUB,Golden Gate Bank,113110641,CITIUS33,SystemE,08-08-2020
Basia Yarwood,CLT008,CNY,Emerald Bank,62203298,PNCCUS33,SystemD,6/24/2020
Galina Steggles,CLT009,THB,Starlight Bank,121141822,BOFAUS3N,SystemC,3/18/2020
Hale Lunk,CLT010,VEF,Sunset Bank,72412927,CHASUS33,SystemI,12-01-2020
Celisse O'Siaghail,CLT001,UAH,Maple Leaf Bank,122234149,CITIUS33,SystemF,07-07-2021
Elayne Canadas,CLT002,IDR,Pineapple Bank,122217056,CITIUS33,SystemB,3/17/2020
Myca Barth,CLT003,CZK,Starlight Bank,113119105,CITIUS33,SystemH,7/23/2020
Helga Drayton,CLT004,HNL,Golden Gate Bank,92905278,WFBIUS6S,SystemF,3/29/2020
Masha Coy,CLT005,PHP,Silver Lake Bank,72405455,FTBCUS3C,SystemE,12/24/2020
Catherina Pownall,CLT006,CNY,Pineapple Bank,83900732,USBKUS44IMT,SystemH,3/30/2020
Monro Teenan,CLT007,CNY,Golden Gate Bank,53101561,WFBIUS6S,SystemJ,08-05-2021
Saul GiacobbiniJacob,CLT008,ILS,Rainbow Bank,61113279,WFBIUS6S,SystemF,09-11-2020
Ruthi Harfoot,CLT009,CNY,Mountain View Bank,261170546,PNCCUS33,SystemI,4/27/2021
Ozzie Woffinden,CLT010,RUB,Starlight Bank,311972652,CITIUS33,SystemB,10/26/2021
Charmane Freke,CLT001,IDR,Pineapple Bank,101000035,BOFAUS3N,SystemC,05-01-2021
Carine Spollen,CLT002,PHP,Ocean Breeze Bank,64102601,CITIUS33,SystemJ,10/20/2021
Bobby Fields,CLT003,BSD,Golden Gate Bank,322270055,CITIUS33,SystemB,09-09-2021
Jacquenette McGrale,CLT004,IDR,Mountain View Bank,113117767,WFBIUS6S,SystemG,09-04-2020
Elfrieda Amy,CLT005,IDR,Pineapple Bank,71107699,CITIUS33,SystemI,07-08-2020
Nowell Cuningham,CLT006,CNY,Ocean Breeze Bank,71101174,PNCCUS33,SystemE,12/13/2020
Valentine Shortt,CLT007,PLN,Mountain View Bank,122100024,CHASUS33,SystemJ,11-05-2021
Timmi Lewknor,CLT008,BRL,Golden Gate Bank,26004394,NFBKUS33,SystemG,12/31/2020
Jacinthe Yeardsley,CLT009,NPR,Mountain View Bank,91000022,USBKUS44IMT,SystemB,2/15/2020
Adah Goudy,CLT010,CNY,Silver Lake Bank,21206074,SVRNUS33,SystemC,2/24/2020
Carter Methringham,CLT001,NOK,Starlight Bank,64108757,FTBCUS3C,SystemI,7/31/2020
Fredric Kempe,CLT002,DOP,Silver Lake Bank,44106397,CITIUS33,SystemD,1/14/2021
Deeyn Denial,CLT003,CNY,Maple Leaf Bank,21200012,PNCCUS33,SystemG,12-03-2021
Marci Attock,CLT004,PHP,Silver Lake Bank,267091263,CHASUS33,SystemE,6/24/2021
Robin Adami,CLT005,RSD,Rainbow Bank,21313103,CITIUS33,SystemB,5/19/2021
L;urette Parysiak,CLT006,PHP,Maple Leaf Bank,26073079,WFBIUS6S,SystemF,07-07-2021
Rasia Dwane,CLT007,ARS,Mountain View Bank,122000030,BOFAUS3N,SystemC,05-03-2021
Merill Sedger,CLT008,CNY,Starlight Bank,313072819,NFBKUS33,SystemA,09-04-2021
Mylo Cuel,CLT009,THB,Golden Gate Bank,22300186,MRMDUS33,SystemF,3/13/2021
Tracee Wolfarth,CLT010,PLN,Maple Leaf Bank,113100745,CITIUS33,SystemC,5/27/2021
Waly Larsen,CLT001,BRL,Pineapple Bank,122200759,CITIUS33,SystemJ,4/18/2020
Son Wood,CLT002,USD,Maple Leaf Bank,51000101,BOFAUS3N,SystemE,3/24/2020
Evonne Hanscome,CLT003,KMF,Maple Leaf Bank,71904779,USBKUS44IMT,SystemI,3/23/2021
Lilla McCoole,CLT004,GEL,Silver Lake Bank,52100893,PNCCUS33,SystemI,11-09-2020
Alisha Hartfleet,CLT005,UAH,Maple Leaf Bank,44000011,PNCCUS33,SystemD,02-05-2021
Ingra Bruniges,CLT006,CAD,Rainbow Bank,51403915,PNCCUS33,SystemF,10-01-2020
Elora Proswell,CLT007,CNY,Golden Gate Bank,65103887,PNCCUS33,SystemB,7/31/2021
Jesus Andrusyak,CLT008,BAM,Golden Gate Bank,322271779,CITIUS33,SystemF,10-04-2021
Rinaldo Loudyan,CLT009,IDR,Golden Gate Bank,11401533,CITIUS33,SystemE,8/19/2020
Derron Norsister,CLT010,PEN,Starlight Bank,65402339,NFBKUS33,SystemE,10/18/2021
Yetta Lowne,CLT001,COP,Rainbow Bank,53201610,BOFAUS3N,SystemG,01-11-2021
Arnoldo Honisch,CLT002,IDR,Sunset Bank,74900783,USBKUS44IMT,SystemC,07-09-2020
Hyman Purseglove,CLT003,COP,Maple Leaf Bank,211070175,CITIUS33,SystemI,10/27/2020
Dania Jahncke,CLT004,MNT,Rainbow Bank,31100490,PNCCUS33,SystemG,08-07-2020
Kiele Palle,CLT005,DKK,Mountain View Bank,107089652,CITIUS33,SystemD,12/24/2020
Jacynth Castagnaro,CLT006,BRL,Silver Lake Bank,322270055,CITIUS33,SystemG,9/25/2020
Ginnifer Maycey,CLT007,AZN,Silver Lake Bank,101204886,CITIUS33,SystemJ,2/16/2020
Amos Golling,CLT008,KMF,Pineapple Bank,226070238,CITIUS33,SystemE,4/27/2020
Rochester Sefton,CLT009,IDR,Pineapple Bank,231270793,BOFAUS3N,SystemC,7/14/2021
Grier Ivanusyev,CLT010,CNY,Maple Leaf Bank,55001384,PNCCUS33,SystemF,10/20/2020
Dorris O' Mulderrig,CLT001,IDR,Pineapple Bank,101111348,CITIUS33,SystemB,4/23/2020
Melvin Ostridge,CLT002,SEK,Sunset Bank,31176110,NFBKUS33,SystemD,02-05-2020
Bernelle Goodinson,CLT003,CNY,Golden Gate Bank,121141822,BOFAUS3N,SystemH,9/18/2020
Emmerich Carnachen,CLT004,THB,Pineapple Bank,122237654,CITIUS33,SystemJ,10-08-2021
Wallie Addionisio,CLT005,AZN,Ocean Breeze Bank,81000058,BOFAUS3N,SystemG,12/14/2021
Carey Malcolmson,CLT006,KGS,Starlight Bank,74913699,CITIUS33,SystemH,12/22/2021
Gusti Dederich,CLT007,EUR,Golden Gate Bank,65402313,NFBKUS33,SystemD,7/24/2020
Matias Sommerland,CLT008,IDR,Sunset Bank,311093120,BOFAUS3N,SystemJ,04-10-2020
Addy Clementet,CLT009,RUB,Pineapple Bank,74908594,FTBCUS3C,SystemJ,11/29/2020
Kelcey Langlands,CLT010,JPY,Silver Lake Bank,51400549,WFBIUS6S,SystemB,02-03-2020
Germayne Nyssens,CLT001,CNY,Rainbow Bank,31100160,BOFAUS3N,SystemF,10/23/2020
Homere Greson,CLT002,BRL,Mountain View Bank,121139313,USBKUS44IMT,SystemF,4/15/2020
Holt Jarrad,CLT003,CNY,Ocean Breeze Bank,83907722,CITIUS33,SystemG,11-06-2020
Giraldo Ruslen,CLT004,SEK,Pineapple Bank,61112788,BOFAUS3N,SystemI,5/25/2020
Abigail Flewan,CLT005,USD,Sunset Bank,64202255,CITIUS33,SystemI,06-09-2020
Maury Liversidge,CLT006,PHP,Maple Leaf Bank,226070652,NFBKUS33,SystemF,12/24/2021
Dagny Faldoe,CLT007,EUR,Starlight Bank,271971816,PNCCUS33,SystemG,11-08-2021
Stevena Cawthera,CLT008,PLN,Rainbow Bank,242071237,PNCCUS33,SystemE,04-02-2021
Hillard Gohier,CLT009,BRL,Mountain View Bank,84301767,BOFAUS3N,SystemH,01-01-2021
Chick Grunson,CLT010,EUR,Maple Leaf Bank,91213877,CITIUS33,SystemB,11/29/2020
Carolina Sore,CLT001,CNY,Starlight Bank,121000044,BOFAUS3N,SystemI,2/19/2020
Ezri Piechnik,CLT002,SEK,Starlight Bank,111320006,CITIUS33,SystemA,10/22/2021
Mill Moberley,CLT003,RUB,Pineapple Bank,72405455,FTBCUS3C,SystemB,6/26/2020
Micah Ranger,CLT004,CNY,Emerald Bank,226070270,NFBKUS33,SystemE,11/23/2020
Caspar Jacobovitz,CLT005,CNY,Ocean Breeze Bank,63200407,BOFAUS3N,SystemD,9/16/2020
Say Kiernan,CLT006,KES,Silver Lake Bank,122238912,CITIUS33,SystemA,1/14/2021
Nicolais Tatters,CLT007,ILS,Ocean Breeze Bank,103000648,CHASUS33,SystemB,10/25/2020
Marina Moodycliffe,CLT008,PLN,Emerald Bank,221271456,SVRNUS33,SystemH,08-04-2021
Penni Neill,CLT009,EUR,Silver Lake Bank,42000424,PNCCUS33,SystemD,06-05-2021
Case Mc Meekin,CLT010,CNY,Ocean Breeze Bank,125200057,WFBIUS6S,SystemH,1/26/2020
Marline Toombs,CLT001,PLN,Pineapple Bank,263189865,CHASUS33,SystemG,06-07-2021
Hugibert Drewitt,CLT002,IDR,Maple Leaf Bank,63103407,CITIUS33,SystemE,5/27/2020
Thomasin Zwicker,CLT003,BRL,Mountain View Bank,322270356,USBKUS44IMT,SystemE,11/17/2021
Frank Swaile,CLT004,IDR,Maple Leaf Bank,91803889,CITIUS33,SystemC,11/15/2021
Hetty Labrenz,CLT005,IDR,Rainbow Bank,124001545,CHASUS33,SystemF,12-06-2020
Estevan McNutt,CLT006,EUR,Ocean Breeze Bank,65201116,NFBKUS33,SystemB,01-10-2020
Yurik Cheke,CLT007,CNY,Golden Gate Bank,52102590,PNCCUS33,SystemE,4/16/2020
Ilario Coale,CLT008,PHP,Mountain View Bank,112201218,CITIUS33,SystemI,05-05-2021
Astrid Patterfield,CLT009,IDR,Rainbow Bank,71103619,BOFAUS3N,SystemF,1/22/2021
Cliff Whartonby,CLT010,CNY,Sunset Bank,74912577,PNCCUS33,SystemJ,9/26/2020
Giles Glasser,CLT001,PAB,Sunset Bank,44000011,PNCCUS33,SystemE,11/27/2021
Sanderson Neubigging,CLT002,THB,Pineapple Bank,322270495,USBKUS44IMT,SystemG,11-08-2021
Risa Westwick,CLT003,THB,Silver Lake Bank,55002286,PNCCUS33,SystemC,11-01-2020
Rhody Daglish,CLT004,EUR,Ocean Breeze Bank,53101396,BOFAUS3N,SystemC,1/26/2020
Julia Dutt,CLT005,IDR,Ocean Breeze Bank,21200575,PNCCUS33,SystemE,9/13/2021
Fred Biffin,CLT006,PHP,Pineapple Bank,71103619,BOFAUS3N,SystemG,8/29/2020
Inesita Lillie,CLT007,EUR,Ocean Breeze Bank,91409704,CITIUS33,SystemE,9/15/2020
Micki Toogood,CLT008,IDR,Maple Leaf Bank,271070791,PNCCUS33,SystemC,06-02-2021
Alexi Middlemass,CLT009,VND,Starlight Bank,52101106,PNCCUS33,SystemI,7/31/2020
Cordie Brazear,CLT010,BRL,Golden Gate Bank,11000138,BOFAUS3N,SystemC,8/21/2020
Neil Mossman,CLT001,CNY,Golden Gate Bank,42215248,PNCCUS33,SystemI,8/14/2021
Aldus Barnes,CLT002,CNY,Pineapple Bank,122217056,CITIUS33,SystemH,4/16/2021
Kim Yashin,CLT003,CNY,Starlight Bank,67091780,WFBIUS6S,SystemH,5/29/2020
Suzette Claridge,CLT004,EUR,Starlight Bank,26004394,NFBKUS33,SystemF,02-08-2021
Angy Taleworth,CLT005,PHP,Maple Leaf Bank,121139313,USBKUS44IMT,SystemI,11/24/2021
Magdaia Molyneaux,CLT006,BRL,Mountain View Bank,42202426,PNCCUS33,SystemI,05-02-2021
Udell Bourgour,CLT007,CNY,Silver Lake Bank,11000206,BOFAUS3N,SystemH,03-03-2021
Tim Dyett,CLT008,MXN,Sunset Bank,221370030,CITIUS33,SystemE,5/27/2020
Britney Warrington,CLT009,IDR,Sunset Bank,63092327,CITIUS33,SystemE,05-05-2020
Ebony Melby,CLT010,CNY,Golden Gate Bank,43002900,PNCCUS33,SystemH,12-04-2021
Sidoney Sikorsky,CLT001,IDR,Emerald Bank,123006800,WFBIUS6S,SystemF,8/26/2021
Carmen Sarge,CLT002,RUB,Starlight Bank,111900659,WFBIUS6S,SystemC,1/13/2020
Alyce Duran,CLT003,BRL,Rainbow Bank,71923190,FTBCUS3C,SystemD,7/21/2021
Markus Dallander,CLT004,BRL,Silver Lake Bank,21207028,SVRNUS33,SystemI,04-02-2020
Ave MacCurlye,CLT005,BRL,Golden Gate Bank,22300160,BOFAUS3N,SystemA,6/20/2021
Harris Porcher,CLT006,EUR,Rainbow Bank,64101576,USBKUS44IMT,SystemI,6/17/2020
Antons Petti,CLT007,ALL,Pineapple Bank,51403517,PNCCUS33,SystemA,11/28/2020
Tonia Longhirst,CLT008,MKD,Sunset Bank,63104215,BOFAUS3N,SystemD,05-02-2021
Abner D'Errico,CLT009,ALL,Maple Leaf Bank,226070717,MRMDUS33,SystemI,10/27/2020
Caralie Tearle,CLT010,MGA,Sunset Bank,26011507,NFBKUS33,SystemF,01-01-2020
Colin Russam,CLT001,BGN,Pineapple Bank,83903195,CITIUS33,SystemJ,11-03-2021
Lorant Dummer,CLT002,CNY,Emerald Bank,122187335,CITIUS33,SystemF,3/28/2021
Doreen Lynthal,CLT003,PEN,Sunset Bank,21272723,CHASUS33,SystemH,09-11-2020
Richardo Thompsett,CLT004,THB,Maple Leaf Bank,255072935,WFBIUS6S,SystemD,11-01-2020
Roda Macguire,CLT005,GEL,Rainbow Bank,111320006,CITIUS33,SystemF,03-10-2021
Hamel Wyleman,CLT006,CNY,Golden Gate Bank,122237654,CITIUS33,SystemI,07-11-2021
Crichton Stag,CLT007,CNY,Starlight Bank,42207735,FTBCUS3C,SystemI,01-04-2020
Donavon Carnachen,CLT008,RUB,Ocean Breeze Bank,51402233,CITIUS33,SystemA,11/24/2020
Joscelin Smitherman,CLT009,UGX,Rainbow Bank,123206516,USBKUS44IMT,SystemI,03-10-2020
Normie Ingram,CLT010,NZD,Emerald Bank,111910380,NFBKUS33,SystemB,1/15/2020
Timothee Broome,CLT001,RUB,Sunset Bank,122401781,USBKUS44IMT,SystemI,3/18/2021
Smitty Tyrer,CLT002,PHP,Ocean Breeze Bank,53100559,BOFAUS3N,SystemC,10-06-2021
Shelley Marrow,CLT003,RSD,Emerald Bank,11104047,BOFAUS3N,SystemF,7/14/2020
Andrea Embury,CLT004,HRK,Rainbow Bank,321180748,CHASUS33,SystemD,5/22/2021
Padriac Summerside,CLT005,CNY,Pineapple Bank,83905449,FTBCUS3C,SystemJ,4/28/2020
Blancha Stolle,CLT006,XAF,Sunset Bank,53107989,BOFAUS3N,SystemH,8/14/2021
Cecilio Paddefield,CLT007,CZK,Mountain View Bank,11900571,BOFAUS3N,SystemJ,11/30/2020
Jermaine Lowne,CLT008,PHP,Sunset Bank,72412927,CHASUS33,SystemF,4/16/2021
Lynnett Marde,CLT009,IDR,Pineapple Bank,51400646,BOFAUS3N,SystemJ,06-08-2020
Giles Clubbe,CLT010,CNY,Rainbow Bank,67003671,PNCCUS33,SystemH,5/18/2021
Berta Tighe,CLT001,RUB,Rainbow Bank,101089823,CITIUS33,SystemJ,6/15/2020
Steffen Roseborough,CLT002,BRL,Golden Gate Bank,265272343,NFBKUS33,SystemC,12/29/2021
Kathi Lashford,CLT003,RSD,Emerald Bank,72400447,FTBCUS3C,SystemD,03-04-2020
Lucretia Ferrick,CLT004,COP,Maple Leaf Bank,322270495,USBKUS44IMT,SystemC,4/16/2021
Collie Sulland,CLT005,PEN,Rainbow Bank,74000010,CHASUS33,SystemI,9/21/2021
Rina Bastistini,CLT006,BYR,Golden Gate Bank,11201539,BOFAUS3N,SystemD,8/24/2020
Cathryn Curling,CLT007,EUR,Sunset Bank,122240890,CITIUS33,SystemE,10/13/2021
Ken Kenningham,CLT008,EUR,Silver Lake Bank,122040090,CITIUS33,SystemF,1/28/2020
See Tidman,CLT009,RUB,Sunset Bank,72400353,PNCCUS33,SystemB,08-04-2021
Eadmund Palfrie,CLT010,CNY,Rainbow Bank,211470319,BOFAUS3N,SystemA,12/14/2021
Lisle Hotton,CLT001,CZK,Silver Lake Bank,104902127,CITIUS33,SystemD,9/24/2020
Galvan Firidolfi,CLT002,IDR,Starlight Bank,253170305,WFBIUS6S,SystemH,06-05-2021
Sibelle Gurnell,CLT003,SEK,Ocean Breeze Bank,71904779,USBKUS44IMT,SystemE,4/13/2021
Rochester Stannislawski,CLT004,MNT,Mountain View Bank,107089652,CITIUS33,SystemC,09-04-2021
Virginia Heales,CLT005,BDT,Starlight Bank,21000128,CHASUS33,SystemF,1/17/2020
Bonita Miners,CLT006,XCD,Silver Lake Bank,103101330,CITIUS33,SystemD,08-03-2020
Mariann Bambery,CLT007,PHP,Mountain View Bank,31001175,PNCCUS33,SystemI,5/17/2020
Darryl Mackriell,CLT008,PKR,Rainbow Bank,111901580,CITIUS33,SystemA,3/28/2020
Leoine Keoghane,CLT009,EUR,Emerald Bank,67006238,BOFAUS3N,SystemA,11/21/2020
Lynnette Telling,CLT010,YER,Ocean Breeze Bank,21300640,MRMDUS33,SystemI,01-11-2020
Giana Bummfrey,CLT001,LTL,Mountain View Bank,31200730,WFBIUS6S,SystemF,9/13/2021
Ardisj Beaze,CLT002,IRR,Pineapple Bank,21202175,WFBIUS6S,SystemE,4/18/2020
Cullen Hickisson,CLT003,CLP,Sunset Bank,113193532,CITIUS33,SystemG,3/14/2021
Joleen Sonier,CLT004,EUR,Mountain View Bank,21201943,PNCCUS33,SystemD,11/29/2020
Caesar Hirtzmann,CLT005,RUB,Mountain View Bank,114900025,BOFAUS3N,SystemD,10-06-2021
Annabela McReynold,CLT006,IDR,Pineapple Bank,64207946,CITIUS33,SystemG,2/19/2021
Abbey Raulin,CLT007,IDR,Ocean Breeze Bank,104902127,CITIUS33,SystemB,11/20/2020
Norbert Tricker,CLT008,CNY,Rainbow Bank,111313631,CITIUS33,SystemE,6/18/2020
Sandro Turpie,CLT009,IDR,Rainbow Bank,111320006,CITIUS33,SystemH,12/26/2021
Virge Amies,CLT010,UAH,Maple Leaf Bank,11200365,BOFAUS3N,SystemB,9/28/2020
Seamus Heinig,CLT001,MDL,Sunset Bank,52100929,PNCCUS33,SystemE,11-01-2020
Leona Valero,CLT002,CNY,Mountain View Bank,71000013,CHASUS33,SystemB,1/19/2021
Suzi Tongs,CLT003,VND,Starlight Bank,56073612,NFBKUS33,SystemB,6/13/2021
Derrik Conws,CLT004,ARS,Emerald Bank,31001175,PNCCUS33,SystemE,7/27/2020
Magdaia Brown,CLT005,PEN,Starlight Bank,71923284,BOFAUS3N,SystemD,10/27/2021
Nicolis Hainey,CLT006,EUR,Sunset Bank,111907775,CITIUS33,SystemG,02-09-2021
Consuela Klimushev,CLT007,EUR,Maple Leaf Bank,63200407,BOFAUS3N,SystemJ,9/15/2020
Mela Grenkov,CLT008,ARS,Silver Lake Bank,122105155,USBKUS44IMT,SystemE,2/21/2021
Cordi Aimer,CLT009,RSD,Mountain View Bank,31000024,WFBIUS6S,SystemI,06-07-2021
Waldemar Gibbe,CLT010,GTQ,Maple Leaf Bank,42215248,PNCCUS33,SystemJ,2/14/2021
Mellisent Baggs,CLT001,CUP,Mountain View Bank,21300019,BOFAUS3N,SystemB,04-09-2021
Krystle Mocher,CLT002,CNY,Golden Gate Bank,41213814,PNCCUS33,SystemB,12-05-2021
Blaine Sinfield,CLT003,PHP,Emerald Bank,221272361,SVRNUS33,SystemA,5/15/2020
Ike Farny,CLT004,IDR,Silver Lake Bank,56008852,PNCCUS33,SystemG,7/26/2021
Perrine Hannibal,CLT005,CNY,Mountain View Bank,107005607,BOFAUS3N,SystemD,08-08-2020
Kevon Meggison,CLT006,JPY,Silver Lake Bank,122400724,BOFAUS3N,SystemG,1/17/2020
Pierce Wortt,CLT007,RUB,Pineapple Bank,101901820,BOFAUS3N,SystemB,04-09-2021
Dorotea Lorinez,CLT008,MRO,Mountain View Bank,21200407,NFBKUS33,SystemC,04-02-2020
Sidonia Dwelly,CLT009,PHP,Emerald Bank,231371841,BOFAUS3N,SystemC,05-05-2021
Alla Kenwood,CLT010,EUR,Silver Lake Bank,102103258,CITIUS33,SystemG,3/21/2020
Hilde Vogelein,CLT001,RUB,Pineapple Bank,111909993,CITIUS33,SystemI,12-09-2021
Si Ravilus,CLT002,GBP,Starlight Bank,61101197,CITIUS33,SystemB,04-02-2020
Jacky Torricella,CLT003,RUB,Sunset Bank,75911603,USBKUS44IMT,SystemC,10-11-2020
Katalin Duffin,CLT004,KZT,Maple Leaf Bank,113024915,NFBKUS33,SystemC,4/29/2020
Merrile Syphas,CLT005,EUR,Pineapple Bank,101113799,CITIUS33,SystemD,01-06-2020
Dorita Stienton,CLT006,RUB,Golden Gate Bank,11302357,BOFAUS3N,SystemG,2/17/2020
Perry McMichell,CLT007,YER,Emerald Bank,255071981,NFBKUS33,SystemA,01-12-2021
Man Keay,CLT008,RUB,Silver Lake Bank,64101385,BOFAUS3N,SystemG,01-09-2020
Kaleena Gibbons,CLT009,CAD,Starlight Bank,71905985,FTBCUS3C,SystemJ,8/30/2021
Reggie Jackes,CLT010,CNY,Ocean Breeze Bank,44002161,FTBCUS3C,SystemG,03-11-2021
Farra Wennington,CLT001,EUR,Sunset Bank,113104275,CITIUS33,SystemJ,12/26/2021
Crista Morford,CLT002,CNY,Emerald Bank,111104947,NFBKUS33,SystemD,04-08-2020
Catharine Ramard,CLT003,CLP,Golden Gate Bank,124302150,USBKUS44IMT,SystemJ,7/16/2020
Kamilah Graysmark,CLT004,PHP,Mountain View Bank,74000515,PNCCUS33,SystemH,7/21/2021
Tessie Brundle,CLT005,USD,Starlight Bank,72400670,PNCCUS33,SystemG,9/28/2020
Randie Olczak,CLT006,IDR,Mountain View Bank,71107699,CITIUS33,SystemF,1/15/2020
Ben Stutely,CLT007,BRL,Starlight Bank,91310929,CITIUS33,SystemC,10/25/2021
Farrel Dreakin,CLT008,PLN,Silver Lake Bank,74913699,CITIUS33,SystemJ,08-01-2021
Malinde Coward,CLT009,ARS,Golden Gate Bank,111993776,CHASUS33,SystemF,7/21/2020
Harold Ashwell,CLT010,IDR,Rainbow Bank,63105683,BOFAUS3N,SystemE,12/15/2021
Lucien Sandys,CLT001,CNY,Maple Leaf Bank,211070175,CITIUS33,SystemA,2/25/2021
Jacklin Sandever,CLT002,CZK,Mountain View Bank,31000024,WFBIUS6S,SystemA,12/23/2020
Penrod Campos,CLT003,USD,Maple Leaf Bank,74913699,CITIUS33,SystemF,10-03-2020
Roxane Doucette,CLT004,CNY,Mountain View Bank,271973487,FTBCUS3C,SystemF,01-06-2021
Boycey Exon,CLT005,ZAR,Silver Lake Bank,122240104,CITIUS33,SystemE,12/31/2020
Ferdinand Worsham,CLT006,EUR,Sunset Bank,121000044,BOFAUS3N,SystemE,9/16/2020
Laurence Jaggard,CLT007,CNY,Rainbow Bank,75000019,CHASUS33,SystemB,7/24/2020
Dalli Caldwell,CLT008,GEL,Starlight Bank,111000025,BOFAUS3N,SystemB,06-08-2020
Markus Shelmerdine,CLT009,NOK,Golden Gate Bank,122217056,CITIUS33,SystemI,10/20/2020
Cazzie Dummigan,CLT010,RUB,Ocean Breeze Bank,75900465,USBKUS44IMT,SystemF,3/18/2021
Giacinta Gleave,CLT001,JPY,Silver Lake Bank,123306160,USBKUS44IMT,SystemB,1/19/2020
Bondy Scarsbrook,CLT002,CLP,Starlight Bank,67004764,CITIUS33,SystemF,7/21/2021
Maurice Farnill,CLT003,CNY,Golden Gate Bank,63109430,WFBIUS6S,SystemH,3/31/2020
Ludvig Rash,CLT004,CNY,Maple Leaf Bank,221371822,MRMDUS33,SystemJ,1/27/2021
Darlene Greensite,CLT005,EUR,Sunset Bank,22310422,CITIUS33,SystemD,11-01-2020
Milly Gremain,CLT006,IDR,Rainbow Bank,121000345,BOFAUS3N,SystemB,10/16/2021
Wendel Authers,CLT007,CAD,Emerald Bank,52001963,WFBIUS6S,SystemA,01-03-2021
Niall Royste,CLT008,IDR,Silver Lake Bank,52100547,PNCCUS33,SystemG,09-08-2021
Jean Chaston,CLT009,RUB,Golden Gate Bank,72402199,PNCCUS33,SystemJ,6/13/2021
Gypsy Szymanowicz,CLT010,NGN,Starlight Bank,111320006,CITIUS33,SystemG,7/26/2021
Papagena Simnel,CLT001,BRL,Maple Leaf Bank,107089652,CITIUS33,SystemH,1/17/2021
Mendie Middup,CLT002,EUR,Pineapple Bank,63100620,BOFAUS3N,SystemC,7/13/2021
Tybie Worge,CLT003,CNY,Ocean Breeze Bank,41204166,PNCCUS33,SystemB,7/22/2020
Teresita Blackesland,CLT004,SEK,Ocean Breeze Bank,275071408,PNCCUS33,SystemE,09-07-2020
Jarrad Bloom,CLT005,CNY,Golden Gate Bank,63100620,BOFAUS3N,SystemF,09-10-2021
Maryann Syred,CLT006,CZK,Maple Leaf Bank,111993776,CHASUS33,SystemJ,11/28/2021
Adriaens Minot,CLT007,PLN,Maple Leaf Bank,226071237,SVRNUS33,SystemB,3/17/2021
Karalynn Swayte,CLT008,IDR,Emerald Bank,21202162,BOFAUS3N,SystemC,2/28/2021
Andrew Soars,CLT009,RSD,Starlight Bank,42207735,FTBCUS3C,SystemB,06-03-2020
Trudie Walton,CLT010,BRL,Rainbow Bank,111308277,CITIUS33,SystemE,8/29/2021
Monica Flamank,CLT001,ARS,Pineapple Bank,11000390,BOFAUS3N,SystemE,8/23/2020
Hodge Blaisdale,CLT002,THB,Golden Gate Bank,75902722,CHASUS33,SystemI,7/18/2020
Bary Blockey,CLT003,CNY,Starlight Bank,102000021,USBKUS44IMT,SystemI,4/21/2020
Merrily Itzkovwitch,CLT004,KZT,Maple Leaf Bank,92101085,CITIUS33,SystemG,11/25/2021
Kevina Rigard,CLT005,NGN,Golden Gate Bank,124303065,BOFAUS3N,SystemB,06-03-2021
Judie Hards,CLT006,EUR,Pineapple Bank,21502040,CITIUS33,SystemD,6/18/2020
Ettie Derington,CLT007,RUB,Pineapple Bank,31300562,PNCCUS33,SystemA,9/19/2020
Godfrey Franzen,CLT008,COP,Mountain View Bank,64103419,CITIUS33,SystemH,07-03-2020
Cal Pipet,CLT009,EUR,Starlight Bank,55000372,PNCCUS33,SystemH,9/21/2020
Olin Hodjetts,CLT010,CNY,Sunset Bank,71922340,FTBCUS3C,SystemB,9/25/2021
Zechariah Neely,CLT001,THB,Silver Lake Bank,111924350,CITIUS33,SystemE,4/24/2021
Koenraad Siemons,CLT002,CNY,Ocean Breeze Bank,61000256,WFBIUS6S,SystemF,10-08-2021
Nell Ilchuk,CLT003,EUR,Rainbow Bank,91804833,CITIUS33,SystemH,11/22/2020
Cookie Hakeworth,CLT004,NOK,Rainbow Bank,21300420,MRMDUS33,SystemG,01-08-2020
Giacomo Tattersill,CLT005,IDR,Pineapple Bank,124303065,BOFAUS3N,SystemD,3/27/2021
Candice Wigginton,CLT006,BRL,Emerald Bank,86300041,FTBCUS3C,SystemA,11-08-2020
Desiri Sharland,CLT007,RSD,Starlight Bank,71074528,CHASUS33,SystemI,02-04-2020
Lyndsie Vest,CLT008,CNY,Starlight Bank,121139313,USBKUS44IMT,SystemC,04-01-2020
Shelba Winterbottom,CLT009,SEK,Golden Gate Bank,64100852,BOFAUS3N,SystemD,08-03-2020
Heloise Chancelier,CLT010,CNY,Silver Lake Bank,72413036,CHASUS33,SystemD,3/22/2020
Jordain Warke,CLT001,IDR,Ocean Breeze Bank,21202337,CHASUS33,SystemD,09-10-2021
Patrizia Bampford,CLT002,MGA,Golden Gate Bank,31101185,MRMDUS33,SystemD,03-08-2021
Jennette Folca,CLT003,EUR,Rainbow Bank,122240667,CITIUS33,SystemI,11-09-2021
Dom Hyndson,CLT004,GNF,Silver Lake Bank,31902038,SVRNUS33,SystemE,2/15/2021
Annadiane Mainstone,CLT005,MDL,Mountain View Bank,44212922,CITIUS33,SystemG,4/29/2021
Gareth Vevers,CLT006,CNY,Golden Gate Bank,26004394,NFBKUS33,SystemI,06-08-2020
Hanny Gleaves,CLT007,PLN,Ocean Breeze Bank,42202426,PNCCUS33,SystemF,9/20/2020
Angy Pocklington,CLT008,PKR,Mountain View Bank,21313103,CITIUS33,SystemD,11-09-2020
Katy Dargan,CLT009,CNY,Rainbow Bank,113000023,BOFAUS3N,SystemD,10-08-2021
Krissy Mayzes,CLT010,KES,Pineapple Bank,122237654,CITIUS33,SystemG,6/20/2020
Durante Gonthard,CLT001,RUB,Sunset Bank,53900225,WFBIUS6S,SystemH,12/17/2020
Manon Aspinal,CLT002,CNY,Golden Gate Bank,11100106,WFBIUS6S,SystemH,06-10-2020
Keri Pynner,CLT003,HUF,Starlight Bank,101200453,USBKUS44IMT,SystemE,3/16/2020
Kettie Rolling,CLT004,CNY,Ocean Breeze Bank,125000024,BOFAUS3N,SystemJ,06-02-2020
Letti Donald,CLT005,DOP,Sunset Bank,122000030,BOFAUS3N,SystemJ,9/17/2020
Ambrosius Burnip,CLT006,IDR,Maple Leaf Bank,322271724,CITIUS33,SystemC,11/21/2020
Tanya Meale,CLT007,IDR,Sunset Bank,122237955,WFBIUS6S,SystemC,5/24/2021
Brandise Archbould,CLT008,BAM,Emerald Bank,242071758,FTBCUS3C,SystemG,03-02-2020
Star Hulburt,CLT009,IDR,Pineapple Bank,122287361,CITIUS33,SystemD,02-10-2021
Bertrando Cockley,CLT010,CNY,Maple Leaf Bank,122240010,CITIUS33,SystemA,10/26/2021
Peta Hodjetts,CLT001,CNY,Silver Lake Bank,67012882,PNCCUS33,SystemC,10/31/2020
Harmony Drysdell,CLT002,CNY,Pineapple Bank,83000108,PNCCUS33,SystemC,6/14/2020
Charlene Brikner,CLT003,NZD,Starlight Bank,112207209,CITIUS33,SystemB,7/25/2020
Alyosha Maffey,CLT004,USD,Ocean Breeze Bank,21313103,CITIUS33,SystemE,10-08-2021
Hoyt Fritschmann,CLT005,CNY,Sunset Bank,72401682,FTBCUS3C,SystemC,1/20/2020
Joceline Stainfield,CLT006,SEK,Ocean Breeze Bank,26010058,SVRNUS33,SystemB,9/18/2020
North Morecombe,CLT007,RUB,Maple Leaf Bank,21202311,PNCCUS33,SystemC,6/27/2020
Moishe Deesly,CLT008,EUR,Maple Leaf Bank,26012881,WFBIUS6S,SystemG,10-05-2021
Oralle Lamberth,CLT009,UZS,Sunset Bank,81000728,PNCCUS33,SystemF,01-07-2020
Rodrique Nutbeem,CLT010,CAD,Pineapple Bank,221471858,NFBKUS33,SystemC,09-12-2021
Filia Slate,CLT001,XOF,Maple Leaf Bank,42215248,PNCCUS33,SystemG,11/29/2020
Jonell Bennion,CLT002,MXN,Pineapple Bank,72405662,FTBCUS3C,SystemB,12/30/2020
Noemi Spendlove,CLT003,CNY,Silver Lake Bank,21300420,MRMDUS33,SystemB,1/27/2020
Gunner Mulbery,CLT004,COP,Ocean Breeze Bank,322285752,WFBIUS6S,SystemB,08-01-2021
Esma Bartczak,CLT005,CNY,Ocean Breeze Bank,72402034,FTBCUS3C,SystemH,1/25/2020
Norine Petriello,CLT006,IDR,Rainbow Bank,111910380,NFBKUS33,SystemG,10/27/2020
Ingelbert Yacob,CLT007,BAM,Emerald Bank,21409567,NFBKUS33,SystemD,03-07-2020
Alidia McEllen,CLT008,PHP,Sunset Bank,52101588,PNCCUS33,SystemD,4/16/2021
Daniela Simpson,CLT009,EUR,Golden Gate Bank,124000025,WFBIUS6S,SystemB,6/29/2020
Abbe MacAlinden,CLT010,CNY,Ocean Breeze Bank,226071237,SVRNUS33,SystemI,6/19/2020
Angelle Courson,CLT001,USD,Mountain View Bank,51409223,CITIUS33,SystemG,6/29/2020
Sophia Attewell,CLT002,SEK,Ocean Breeze Bank,111909993,CITIUS33,SystemG,8/26/2020
Martie Cron,CLT003,BRL,Golden Gate Bank,61103360,PNCCUS33,SystemA,6/13/2021
Abbie Cousen,CLT004,UGX,Maple Leaf Bank,81221549,CITIUS33,SystemC,05-01-2021
Karoline Gossling,CLT005,MKD,Golden Gate Bank,101111953,CITIUS33,SystemC,6/26/2020
Pren Titcom,CLT006,PHP,Ocean Breeze Bank,41200050,FTBCUS3C,SystemB,8/18/2021
Arvin Perulli,CLT007,RUB,Starlight Bank,21410695,NFBKUS33,SystemB,11-10-2021
Letisha Boundley,CLT008,CNY,Sunset Bank,21410080,MRMDUS33,SystemB,01-05-2021
Eilis Fortin,CLT009,JPY,Sunset Bank,322270055,CITIUS33,SystemC,7/22/2020
Sibeal Dommersen,CLT010,BRL,Silver Lake Bank,84204929,CITIUS33,SystemI,08-08-2020
Joana Meeny,CLT001,HRK,Mountain View Bank,65304385,CITIUS33,SystemH,05-08-2021
Jared Thorpe,CLT002,ETB,Pineapple Bank,122237654,CITIUS33,SystemH,10-06-2020
Kettie Melladew,CLT003,CNY,Mountain View Bank,53100559,BOFAUS3N,SystemD,1/16/2021
Minnie Fancutt,CLT004,PHP,Silver Lake Bank,52001633,BOFAUS3N,SystemB,04-08-2020
Gal Armfield,CLT005,PEN,Sunset Bank,54001709,MRMDUS33,SystemG,8/22/2021
Tove Cousen,CLT006,CNY,Emerald Bank,72408504,FTBCUS3C,SystemA,2/22/2020
Sibel Oldall,CLT007,CNY,Golden Gate Bank,72402212,CITIUS33,SystemD,3/17/2021
Daphene Togher,CLT008,EUR,Pineapple Bank,65400894,NFBKUS33,SystemI,4/15/2020
Lancelot Bubear,CLT009,MGA,Maple Leaf Bank,52100929,PNCCUS33,SystemB,08-01-2021
Conan Hulance,CLT010,AFN,Pineapple Bank,21004823,MRMDUS33,SystemA,4/22/2021
Clementine Ingerfield,CLT001,CAD,Rainbow Bank,42215248,PNCCUS33,SystemD,02-09-2021
Donica Steele,CLT002,UAH,Mountain View Bank,263190812,FTBCUS3C,SystemI,12/16/2020
Douglas Basham,CLT003,DOP,Pineapple Bank,64102436,CITIUS33,SystemH,6/22/2020
Pauly Sueter,CLT004,CNY,Maple Leaf Bank,41211298,PNCCUS33,SystemI,11/25/2020
Grayce Pavel,CLT005,PLN,Silver Lake Bank,52002166,CITIUS33,SystemB,7/14/2020
Floyd Earles,CLT006,IDR,Silver Lake Bank,124000012,WFBIUS6S,SystemI,10-08-2020
Sal Briztman,CLT007,PHP,Silver Lake Bank,84000819,BOFAUS3N,SystemD,01-07-2020
Rodd Faherty,CLT008,JPY,Sunset Bank,11302438,BOFAUS3N,SystemF,5/27/2020
Mufinella Baitman,CLT009,RUB,Golden Gate Bank,111308277,CITIUS33,SystemI,06-01-2021
Ange Luebbert,CLT010,NIO,Starlight Bank,102307164,WFBIUS6S,SystemA,1/22/2021
Gabriella Poulsum,CLT001,IDR,Maple Leaf Bank,321170444,CITIUS33,SystemG,7/31/2021
Bren Shill,CLT002,RUB,Ocean Breeze Bank,21101108,WFBIUS6S,SystemD,12-10-2020
Charmine Rollinson,CLT003,SEK,Mountain View Bank,101100045,BOFAUS3N,SystemH,4/17/2021
Kerr Espinay,CLT004,EGP,Mountain View Bank,61113279,WFBIUS6S,SystemA,7/25/2020
Lynnett Garretts,CLT005,COP,Rainbow Bank,111308277,CITIUS33,SystemC,11/14/2021
Guendolen Dudenie,CLT006,PHP,Ocean Breeze Bank,104902127,CITIUS33,SystemD,4/25/2021
Irina Filpo,CLT007,MAD,Ocean Breeze Bank,322270055,CITIUS33,SystemJ,05-04-2020
Lotti Dorcey,CLT008,RUB,Ocean Breeze Bank,101104355,CITIUS33,SystemF,10/28/2020
Jennette MacFarlan,CLT009,PHP,Sunset Bank,61192630,PNCCUS33,SystemJ,7/31/2021
Ronnie Hallwell,CLT010,CNY,Starlight Bank,51401836,CITIUS33,SystemC,8/28/2020
Lin Boggers,CLT001,CNY,Sunset Bank,64103833,FTBCUS3C,SystemG,08-05-2021
George Peever,CLT002,USD,Silver Lake Bank,21410080,MRMDUS33,SystemB,11-02-2020
Silvan Fluit,CLT003,THB,Sunset Bank,31100490,PNCCUS33,SystemH,10-04-2020
Gray Wehden,CLT004,BYR,Golden Gate Bank,44002679,FTBCUS3C,SystemI,06-03-2020
Cathleen Fenelon,CLT005,CNY,Silver Lake Bank,73000545,USBKUS44IMT,SystemI,03-03-2021
Meryl Webley,CLT006,ALL,Silver Lake Bank,42100175,USBKUS44IMT,SystemF,11-07-2020
Gerri de Clercq,CLT007,EUR,Starlight Bank,53200019,WFBIUS6S,SystemB,12-06-2021
Lenette Wytchard,CLT008,EUR,Rainbow Bank,322270356,USBKUS44IMT,SystemG,02-11-2021
Darnall Pymm,CLT009,MXN,Mountain View Bank,31304050,BOFAUS3N,SystemA,3/30/2020
Manolo Tschersich,CLT010,RSD,Silver Lake Bank,102300242,WFBIUS6S,SystemE,04-12-2021
Thekla Bohea,CLT001,EUR,Ocean Breeze Bank,104902062,CITIUS33,SystemJ,07-02-2021
Gav Claye,CLT002,EUR,Starlight Bank,21000128,CHASUS33,SystemC,4/13/2020
Gertrudis Dabling,CLT003,SEK,Maple Leaf Bank,62206431,CITIUS33,SystemC,8/21/2021
Normy Karpmann,CLT004,CNY,Rainbow Bank,124100080,WFBIUS6S,SystemF,01-11-2020
Nickie Henighan,CLT005,BRL,Rainbow Bank,31100869,WFBIUS6S,SystemC,6/25/2020
Hercule Trebbett,CLT006,CNY,Starlight Bank,65402313,NFBKUS33,SystemE,7/13/2021
Archibaldo Rothchild,CLT007,ARS,Ocean Breeze Bank,31000095,WFBIUS6S,SystemG,7/23/2021
Anne-marie Brithman,CLT008,EUR,Maple Leaf Bank,113017870,WFBIUS6S,SystemI,10-08-2020
Dore Adamov,CLT009,CNY,Emerald Bank,55002286,PNCCUS33,SystemA,7/28/2021
Iona Maving,CLT010,PEN,Pineapple Bank,65200722,NFBKUS33,SystemG,3/21/2021
Gina Brunskill,CLT001,CNY,Pineapple Bank,271971816,PNCCUS33,SystemI,12/15/2021
Micky Teasell,CLT002,PLN,Mountain View Bank,71103619,BOFAUS3N,SystemJ,8/13/2021
Carver Thirlaway,CLT003,RUB,Sunset Bank,122237544,CITIUS33,SystemI,7/24/2021
Tedman Champain,CLT004,XOF,Starlight Bank,11301646,BOFAUS3N,SystemJ,1/30/2020
Abbe Swann,CLT005,CNY,Mountain View Bank,74900194,PNCCUS33,SystemF,3/22/2021
Frank Savaage,CLT006,CNY,Mountain View Bank,111901302,BOFAUS3N,SystemJ,09-08-2021
Sophie Farn,CLT007,RUB,Sunset Bank,91015224,USBKUS44IMT,SystemE,12-11-2020
Aldon Persehouse,CLT008,BTN,Silver Lake Bank,86300041,FTBCUS3C,SystemE,04-07-2021
Laurena Franzolini,CLT009,KRW,Silver Lake Bank,21200407,NFBKUS33,SystemB,02-04-2020
Sianna Tackell,CLT010,RUB,Sunset Bank,44000011,PNCCUS33,SystemF,09-02-2020
Rea Doale,CLT001,BRL,Mountain View Bank,65201064,NFBKUS33,SystemB,4/15/2020
Joni Syer,CLT002,ZAR,Mountain View Bank,113000023,BOFAUS3N,SystemB,12-01-2020
Eamon Dutteridge,CLT003,CNY,Pineapple Bank,73000545,USBKUS44IMT,SystemI,10-08-2021
Fiona Fitzroy,CLT004,PLN,Ocean Breeze Bank,51401836,CITIUS33,SystemE,06-12-2020
Margaretha Ambresin,CLT005,CNY,Golden Gate Bank,111915709,NFBKUS33,SystemG,09-12-2021
Waldemar Kroon,CLT006,ARS,Starlight Bank,84000819,BOFAUS3N,SystemD,8/16/2020
Orelie Mease,CLT007,PHP,Pineapple Bank,254070019,WFBIUS6S,SystemD,12/27/2021
Catlin Barwis,CLT008,XOF,Sunset Bank,231271161,SVRNUS33,SystemB,1/24/2021
Amelie Springthorp,CLT009,PKR,Sunset Bank,102189285,WFBIUS6S,SystemG,9/24/2020
Tillie Mullen,CLT010,CNY,Pineapple Bank,65201064,NFBKUS33,SystemB,8/26/2021
Adena Offener,CLT001,PHP,Pineapple Bank,272471674,BOFAUS3N,SystemJ,1/19/2021
Friederike Trowle,CLT002,HUF,Golden Gate Bank,91408501,USBKUS44IMT,SystemB,10/23/2021
Harris Perren,CLT003,BRL,Mountain View Bank,226070296,CHASUS33,SystemC,1/13/2020
Mace Hearns,CLT004,PHP,Emerald Bank,63104215,BOFAUS3N,SystemF,8/23/2021
Nolana Bohden,CLT005,PYG,Starlight Bank,101106379,CITIUS33,SystemI,7/29/2020
Rozalin De la Eglise,CLT006,IDR,Golden Gate Bank,64101673,BOFAUS3N,SystemE,6/28/2021
Andrea Skepper,CLT007,CZK,Ocean Breeze Bank,71921833,PNCCUS33,SystemI,04-05-2020
Muire Durker,CLT008,IDR,Pineapple Bank,55002341,BOFAUS3N,SystemF,07-03-2021
Brittany Iczokvitz,CLT009,ZAR,Ocean Breeze Bank,221172513,BOFAUS3N,SystemD,8/31/2020
Davida McNiven,CLT010,CNY,Ocean Breeze Bank,26011882,CITIUS33,SystemF,3/14/2020
Morie Heighway,CLT001,PKR,Golden Gate Bank,122287361,CITIUS33,SystemI,4/30/2021
Caroljean Cosgrave,CLT002,KZT,Golden Gate Bank,122242704,WFBIUS6S,SystemJ,08-04-2020
Ashla Freiberg,CLT003,MUR,Ocean Breeze Bank,51900366,CHASUS33,SystemJ,10-03-2020
Adriena Itscowicz,CLT004,MXN,Rainbow Bank,101102331,CITIUS33,SystemI,8/18/2020
Bruno Postgate,CLT005,SEK,Pineapple Bank,226070364,MRMDUS33,SystemD,08-09-2021
Shayne Geeve,CLT006,PLN,Golden Gate Bank,112002080,BOFAUS3N,SystemJ,01-05-2020
Devon Backes,CLT007,IDR,Silver Lake Bank,28001489,CITIUS33,SystemG,3/19/2020
Tanny Pitrollo,CLT008,IDR,Maple Leaf Bank,221970605,NFBKUS33,SystemH,2/26/2020
Jesse Bessell,CLT009,ZAR,Starlight Bank,21300640,MRMDUS33,SystemD,8/17/2020
Philippine Danton,CLT010,PLN,Rainbow Bank,81000032,BOFAUS3N,SystemA,04-09-2021
Ardine Skyme,CLT001,CNY,Starlight Bank,21309201,CITIUS33,SystemD,5/14/2021
Layney Dignam,CLT002,EUR,Emerald Bank,111104507,NFBKUS33,SystemD,09-05-2021
Matthus Dalliwater,CLT003,MXN,Ocean Breeze Bank,71101174,PNCCUS33,SystemE,8/26/2021
Charlotta Elsey,CLT004,USD,Maple Leaf Bank,11100106,WFBIUS6S,SystemB,8/29/2020
Howard Senecaux,CLT005,EUR,Pineapple Bank,322285752,WFBIUS6S,SystemG,1/25/2021
Kimmie Bennie,CLT006,PHP,Pineapple Bank,322270262,CITIUS33,SystemF,1/13/2021
Mathew Widmore,CLT007,THB,Golden Gate Bank,102201244,BOFAUS3N,SystemD,6/23/2021
Olivero Balazs,CLT008,CAD,Maple Leaf Bank,83900732,USBKUS44IMT,SystemC,6/26/2020
Dael Henrichsen,CLT009,IDR,Pineapple Bank,55001054,PNCCUS33,SystemH,5/25/2021
Fabio Jeroch,CLT010,CNY,Rainbow Bank,21001486,CITIUS33,SystemG,4/19/2021
Siegfried Izzard,CLT001,USD,Starlight Bank,121042882,WFBIUS6S,SystemG,01-01-2020
Peder Theodore,CLT002,EUR,Mountain View Bank,21409169,CHASUS33,SystemE,12/21/2021
Velvet Joule,CLT003,PHP,Mountain View Bank,121141534,WFBIUS6S,SystemF,04-01-2021
Janina Szymanzyk,CLT004,CNY,Emerald Bank,74908594,FTBCUS3C,SystemA,7/15/2020
Everett Joselevitz,CLT005,PKR,Mountain View Bank,231371579,PNCCUS33,SystemC,4/28/2020
Juan Wisson,CLT006,IDR,Silver Lake Bank,21300420,MRMDUS33,SystemG,11-11-2020
Grazia Brea,CLT007,EUR,Rainbow Bank,63100714,BOFAUS3N,SystemF,5/28/2021
Tarah Twinn,CLT008,RUB,Starlight Bank,121108959,BOFAUS3N,SystemH,10/21/2021
Silvano Girdlestone,CLT009,RUB,Mountain View Bank,91000019,WFBIUS6S,SystemF,3/21/2021
Lexi Vogel,CLT010,CNY,Rainbow Bank,42103363,FTBCUS3C,SystemC,1/24/2021
Sky Lowton,CLT001,EUR,Maple Leaf Bank,55000288,PNCCUS33,SystemI,12/23/2021
Yehudit Litterick,CLT002,AFN,Maple Leaf Bank,64102601,CITIUS33,SystemJ,8/23/2021
Evin Shalliker,CLT003,IDR,Pineapple Bank,31205913,PNCCUS33,SystemB,09-04-2020
Davon Hasling,CLT004,IDR,Mountain View Bank,122238048,CITIUS33,SystemF,6/29/2020
Mahmud Aries,CLT005,EUR,Golden Gate Bank,62203751,WFBIUS6S,SystemI,09-05-2021
Greggory Wilkowski,CLT006,YER,Emerald Bank,82000549,USBKUS44IMT,SystemG,07-11-2021
Romonda Beauly,CLT007,CNY,Pineapple Bank,55002558,PNCCUS33,SystemE,2/18/2021
Federico Whittet,CLT008,SEK,Rainbow Bank,274970937,FTBCUS3C,SystemI,06-03-2020
Vic Woolard,CLT009,CUP,Pineapple Bank,61000227,WFBIUS6S,SystemB,10-02-2020
Dominik Trengrove,CLT010,JPY,Silver Lake Bank,53100258,BOFAUS3N,SystemC,9/25/2020
Town Duddy,CLT001,NOK,Golden Gate Bank,42101446,CITIUS33,SystemI,10/31/2021
Olvan Jeanes,CLT002,ARS,Maple Leaf Bank,104902392,CITIUS33,SystemG,12-11-2020
Fayette Olohan,CLT003,EUR,Starlight Bank,51403915,PNCCUS33,SystemD,1/17/2021
Candis Dunan,CLT004,CNY,Emerald Bank,101111953,CITIUS33,SystemH,08-01-2020
Tucky Arnauduc,CLT005,BAM,Sunset Bank,65202555,CITIUS33,SystemG,11-02-2020
Gypsy Fenimore,CLT006,RUB,Silver Lake Bank,273970514,USBKUS44IMT,SystemE,02-04-2020
Scott Aldwich,CLT007,NZD,Rainbow Bank,226070364,MRMDUS33,SystemD,2/23/2020
Sonny Saywood,CLT008,CRC,Sunset Bank,107000327,BOFAUS3N,SystemI,11/30/2021
Brooks Boissier,CLT009,RUB,Starlight Bank,67003985,BOFAUS3N,SystemI,12/19/2020
Kyle Gittis,CLT010,USD,Silver Lake Bank,71000013,CHASUS33,SystemA,12/24/2020
Shandra Baldree,CLT001,SEK,Rainbow Bank,71923323,FTBCUS3C,SystemB,11-01-2020
Annissa Cicco,CLT002,ALL,Sunset Bank,21300420,MRMDUS33,SystemG,05-04-2020
Katalin Genney,CLT003,CNY,Golden Gate Bank,42201948,USBKUS44IMT,SystemA,1/16/2020
Eugenia Vezey,CLT004,IDR,Emerald Bank,114907633,CITIUS33,SystemC,9/29/2021
Worthington Firmin,CLT005,SEK,Rainbow Bank,253170305,WFBIUS6S,SystemA,7/23/2021
Lavinia Harwin,CLT006,KZT,Rainbow Bank,91217226,CITIUS33,SystemC,08-06-2020
Corrine Botley,CLT007,PLN,Emerald Bank,101200929,BOFAUS3N,SystemG,07-11-2021
Sheba Hawkings,CLT008,BOB,Mountain View Bank,51503174,CITIUS33,SystemD,11/27/2020
Jean Cuss,CLT009,BRL,Silver Lake Bank,81517897,BOFAUS3N,SystemA,7/27/2021
Dorotea Spriddle,CLT010,MXN,Rainbow Bank,91300023,USBKUS44IMT,SystemB,12-11-2021
Agneta Kubal,CLT001,RUB,Golden Gate Bank,123206707,USBKUS44IMT,SystemE,10-02-2021
Jerrine Le Provest,CLT002,CNY,Mountain View Bank,226070856,NFBKUS33,SystemI,8/18/2021
Gretal Smallridge,CLT003,CAD,Rainbow Bank,53901473,WFBIUS6S,SystemA,12/20/2021
Celinka Bradie,CLT004,CNY,Silver Lake Bank,26073079,WFBIUS6S,SystemB,07-01-2020
Alisa Angless,CLT005,RUB,Mountain View Bank,11500120,CITIUS33,SystemF,05-01-2021
Julian Gristhwaite,CLT006,IDR,Ocean Breeze Bank,103089834,CITIUS33,SystemB,8/24/2021
Esther Hourigan,CLT007,NOK,Starlight Bank,121141534,WFBIUS6S,SystemA,11-03-2021
Lissa Krystek,CLT008,AZN,Silver Lake Bank,53100494,WFBIUS6S,SystemJ,6/23/2021
Rheta Battram,CLT009,PAB,Emerald Bank,42100272,FTBCUS3C,SystemD,03-10-2021
Jamima Shadfourth,CLT010,HRK,Mountain View Bank,221272332,SVRNUS33,SystemC,02-10-2021
Chlo Berthod,CLT001,MAD,Maple Leaf Bank,113110816,CITIUS33,SystemF,05-05-2020
Napoleon Shoesmith,CLT002,EUR,Golden Gate Bank,91308795,CITIUS33,SystemI,04-10-2021
Aubrie McNellis,CLT003,EUR,Mountain View Bank,21200407,NFBKUS33,SystemJ,3/20/2020
Annaliese Kirimaa,CLT004,HRK,Silver Lake Bank,254070116,CITIUS33,SystemJ,05-12-2021
Aubine Bolf,CLT005,UAH,Mountain View Bank,11104047,BOFAUS3N,SystemJ,07-07-2021
Shell Dourin,CLT006,BDT,Rainbow Bank,11900652,BOFAUS3N,SystemF,07-04-2020
Gabriellia Rushmere,CLT007,CNY,Emerald Bank,21001486,CITIUS33,SystemD,9/20/2020
Sabrina Abramovic,CLT008,USD,Maple Leaf Bank,103089834,CITIUS33,SystemJ,12/13/2021
Joye McCleary,CLT009,BRL,Pineapple Bank,53900377,BOFAUS3N,SystemA,4/13/2021
Clementius Elven,CLT010,CNY,Emerald Bank,21313103,CITIUS33,SystemD,10/30/2020
Dwayne Whitnell,CLT001,YER,Ocean Breeze Bank,75911603,USBKUS44IMT,SystemB,01-08-2020
Gwenore Kingswoode,CLT002,CZK,Maple Leaf Bank,67012057,PNCCUS33,SystemA,4/16/2021
Odessa Twiname,CLT003,EUR,Rainbow Bank,72400447,FTBCUS3C,SystemH,4/15/2020
Tessa Sapp,CLT004,CNY,Ocean Breeze Bank,101102496,CITIUS33,SystemJ,3/15/2021
Sheff Stoll,CLT005,NIO,Silver Lake Bank,31101143,CITIUS33,SystemJ,05-05-2020
Ward Ashton,CLT006,CNY,Emerald Bank,31100209,CITIUS33,SystemD,6/16/2021
Obediah Tatlow,CLT007,BIF,Silver Lake Bank,44000011,PNCCUS33,SystemG,5/13/2021
Peg Spincks,CLT008,CNY,Sunset Bank,231271404,SVRNUS33,SystemE,10-07-2020
Curcio Fitzer,CLT009,IDR,Maple Leaf Bank,122240670,CITIUS33,SystemF,06-02-2021
Nahum Crabbe,CLT010,THB,Mountain View Bank,113000023,BOFAUS3N,SystemA,07-10-2021
Fleur Vequaud,CLT001,BRL,Mountain View Bank,122238543,CITIUS33,SystemC,4/25/2021
Brandise MacFadin,CLT002,CNY,Silver Lake Bank,65405132,NFBKUS33,SystemG,10-05-2020
Marina Thomas,CLT003,ILS,Maple Leaf Bank,51402233,CITIUS33,SystemJ,8/20/2021
Georgianne Rodmell,CLT004,PHP,Golden Gate Bank,71923226,CHASUS33,SystemI,9/29/2020
Collie Duffrie,CLT005,CNY,Mountain View Bank,21272655,CITIUS33,SystemI,06-01-2020
Rustin Mauvin,CLT006,HRK,Starlight Bank,121141534,WFBIUS6S,SystemE,08-05-2020
Lil Dandie,CLT007,CNY,Starlight Bank,22000842,CHASUS33,SystemC,12-12-2021
Bertrand Skews,CLT008,XAF,Sunset Bank,26007508,BOFAUS3N,SystemF,05-12-2021
Konstantine Leguay,CLT009,YER,Emerald Bank,72400421,PNCCUS33,SystemC,10/30/2021
Orton Blowfield,CLT010,JPY,Ocean Breeze Bank,21272723,CHASUS33,SystemI,11-05-2020
Waneta Yelden,CLT001,COP,Maple Leaf Bank,71103619,BOFAUS3N,SystemB,12-10-2020
Raimundo Paviour,CLT002,CNY,Starlight Bank,321070104,CITIUS33,SystemG,6/13/2020
Kenton Yashin,CLT003,CNY,Ocean Breeze Bank,71923909,FTBCUS3C,SystemE,1/26/2021
Clare Dufore,CLT004,ARS,Pineapple Bank,74902082,CITIUS33,SystemA,4/30/2021
Carmita Count,CLT005,SEK,Sunset Bank,222371876,MRMDUS33,SystemG,6/24/2021
Felisha Tolputt,CLT006,ALL,Ocean Breeze Bank,71108106,CITIUS33,SystemC,10-11-2021
Ann MacMenemy,CLT007,BRL,Ocean Breeze Bank,63106006,BOFAUS3N,SystemJ,01-02-2020
Robinette Snelgrove,CLT008,IDR,Pineapple Bank,231371663,SVRNUS33,SystemC,02-07-2020
Karrah Beasleigh,CLT009,PHP,Starlight Bank,107089652,CITIUS33,SystemC,10/21/2020
Agustin Houlridge,CLT010,RUB,Maple Leaf Bank,221271265,SVRNUS33,SystemI,12-12-2020
Gerry Cazin,CLT001,PLN,Pineapple Bank,81904808,BOFAUS3N,SystemD,3/28/2020
Concettina Toun,CLT002,CZK,Maple Leaf Bank,22000868,CITIUS33,SystemF,5/16/2020
Angie Origan,CLT003,CNY,Rainbow Bank,122231935,CITIUS33,SystemC,08-12-2020
Winifield Eustice,CLT004,IDR,Pineapple Bank,111908965,CITIUS33,SystemA,5/16/2020
Claus Blewis,CLT005,SEK,Golden Gate Bank,265272343,NFBKUS33,SystemD,6/23/2021
Tedmund Grellier,CLT006,JPY,Mountain View Bank,66005502,BOFAUS3N,SystemD,08-02-2020
Lesley Lackner,CLT007,PHP,Silver Lake Bank,72402115,FTBCUS3C,SystemE,9/18/2020
Marga Tiffney,CLT008,RSD,Golden Gate Bank,53901473,WFBIUS6S,SystemH,10/31/2020
Palmer Cejka,CLT009,VND,Starlight Bank,71214126,FTBCUS3C,SystemD,03-10-2020
Dur Vlasin,CLT010,CZK,Mountain View Bank,42101190,FTBCUS3C,SystemG,03-05-2020
Tawnya Cutts,CLT001,PLN,Sunset Bank,121103886,BOFAUS3N,SystemI,1/15/2020
Inessa Mellings,CLT002,PHP,Golden Gate Bank,41200050,FTBCUS3C,SystemE,6/20/2021
Winni Lippiello,CLT003,CNY,Rainbow Bank,55000770,PNCCUS33,SystemE,3/16/2020
Marsiella Brekonridge,CLT004,RUB,Rainbow Bank,91901862,CITIUS33,SystemJ,11/28/2020
Hanny Muncie,CLT005,EUR,Golden Gate Bank,104902062,CITIUS33,SystemG,10/30/2020
Hermie Espina,CLT006,JOD,Sunset Bank,65103887,PNCCUS33,SystemI,9/22/2020
Isis McGlaud,CLT007,ARS,Silver Lake Bank,31100490,PNCCUS33,SystemH,09-02-2021
Alexis Borlease,CLT008,RUB,Maple Leaf Bank,64101673,BOFAUS3N,SystemC,2/23/2020
Andree See,CLT009,EUR,Maple Leaf Bank,21410695,NFBKUS33,SystemF,03-12-2021
Marney Keston,CLT010,ZAR,Silver Lake Bank,11001331,CITIUS33,SystemB,10/30/2020
Xever Mussington,CLT001,CNY,Starlight Bank,65103625,PNCCUS33,SystemC,7/31/2020
Tate Messier,CLT002,XOF,Starlight Bank,61000256,WFBIUS6S,SystemJ,02-05-2021
Honey Tutill,CLT003,XOF,Emerald Bank,91217226,CITIUS33,SystemC,05-02-2021
Chelsae Minett,CLT004,MXN,Pineapple Bank,81000032,BOFAUS3N,SystemC,7/14/2020
Mattias McCurlye,CLT005,EUR,Pineapple Bank,55002558,PNCCUS33,SystemE,10/20/2021
Dorolisa De Lacey,CLT006,KRW,Starlight Bank,113000023,BOFAUS3N,SystemC,3/25/2020
Peyton Tal,CLT007,CNY,Sunset Bank,51402233,CITIUS33,SystemJ,5/23/2021
Alex Drake,CLT008,ARS,Emerald Bank,123204013,CITIUS33,SystemD,11/20/2021
Currie Wrankling,CLT009,PLN,Ocean Breeze Bank,51501150,CITIUS33,SystemF,01-08-2020
Heywood Seakings,CLT010,CNY,Pineapple Bank,111907775,CITIUS33,SystemH,5/21/2021
Shari Lampe,CLT001,EUR,Ocean Breeze Bank,31300465,WFBIUS6S,SystemC,12/21/2020
Jodie Zeal,CLT002,AZN,Maple Leaf Bank,323270436,WFBIUS6S,SystemA,02-05-2020
Rozina Hatchell,CLT003,BWP,Ocean Breeze Bank,84204929,CITIUS33,SystemB,03-12-2020
Jorry Stooders,CLT004,EUR,Starlight Bank,64003768,WFBIUS6S,SystemD,4/23/2020
Buckie Ovendale,CLT005,SEK,Golden Gate Bank,72402788,FTBCUS3C,SystemG,12/13/2021
Maryl Swatridge,CLT006,IDR,Starlight Bank,44000037,CHASUS33,SystemE,9/29/2021
Helenka Riceards,CLT007,BGN,Emerald Bank,122241912,CITIUS33,SystemC,2/13/2021
Robinia Padginton,CLT008,TZS,Mountain View Bank,81503380,CITIUS33,SystemH,12/30/2021
Wilma Jenkyn,CLT009,EUR,Maple Leaf Bank,226071237,SVRNUS33,SystemE,3/31/2020
Kathryn Shank,CLT010,USD,Silver Lake Bank,63114548,PNCCUS33,SystemD,05-10-2020
Lars Faucett,CLT001,EUR,Mountain View Bank,67008582,BOFAUS3N,SystemF,05-05-2020
Marlowe Fairclough,CLT002,USD,Starlight Bank,31902766,PNCCUS33,SystemJ,7/23/2021
Orel Dolden,CLT003,IDR,Silver Lake Bank,113100745,CITIUS33,SystemJ,7/27/2021
Cristin Palfrey,CLT004,EUR,Emerald Bank,81202759,USBKUS44IMT,SystemE,8/27/2020
Broderick Cammiemile,CLT005,ARS,Starlight Bank,83900363,USBKUS44IMT,SystemJ,7/30/2020
Gwennie Faier,CLT006,SEK,Starlight Bank,11900571,BOFAUS3N,SystemI,08-11-2021
Aura Manklow,CLT007,BWP,Mountain View Bank,307072278,BOFAUS3N,SystemC,10/22/2020
Xylia Weddeburn - Scrimgeour,CLT008,MYR,Silver Lake Bank,242072715,PNCCUS33,SystemB,05-04-2020
Cedric Kleuer,CLT009,CNY,Silver Lake Bank,26004394,NFBKUS33,SystemG,10/28/2020
Cahra Klimus,CLT010,BGN,Mountain View Bank,65103887,PNCCUS33,SystemC,10/25/2020
Isadore Immer,CLT001,IDR,Pineapple Bank,271972064,CITIUS33,SystemE,10/19/2020
Denis Ingyon,CLT002,PEN,Sunset Bank,52102590,PNCCUS33,SystemA,9/26/2020
Cyrill Tate,CLT003,CNY,Maple Leaf Bank,31203999,PNCCUS33,SystemD,12-08-2021
Ira Orry,CLT004,EUR,Mountain View Bank,63106268,BOFAUS3N,SystemD,08-06-2020
Wren Allaway,CLT005,PLN,Silver Lake Bank,11300605,BOFAUS3N,SystemF,9/28/2020
Devonne Jephcott,CLT006,CNY,Starlight Bank,21200407,NFBKUS33,SystemC,10/25/2021
Nada Davys,CLT007,PHP,Sunset Bank,71001041,USBKUS44IMT,SystemD,09-02-2020
Pierrette Bavister,CLT008,JPY,Silver Lake Bank,113102329,CITIUS33,SystemE,1/25/2020
Regine Pacher,CLT009,CNY,Emerald Bank,113000609,CHASUS33,SystemC,7/17/2021
Berty Cromblehome,CLT010,EUR,Pineapple Bank,322170692,BOFAUS3N,SystemE,3/18/2020
Westbrook Ansteys,CLT001,PLN,Starlight Bank,267091263,CHASUS33,SystemF,1/25/2020
Kiley Higgan,CLT002,IDR,Mountain View Bank,81004517,PNCCUS33,SystemH,12-11-2021
Bank Common,CLT003,PHP,Maple Leaf Bank,123206710,USBKUS44IMT,SystemC,7/21/2020
Honey Murch,CLT004,IDR,Mountain View Bank,101106379,CITIUS33,SystemF,9/23/2020
Jdavie Freda,CLT005,EUR,Silver Lake Bank,103102274,CITIUS33,SystemC,7/19/2020
See Ellings,CLT006,KZT,Rainbow Bank,122187335,CITIUS33,SystemA,10/21/2021
Meade Gatch,CLT007,JPY,Golden Gate Bank,83902154,PNCCUS33,SystemD,12-02-2021
Corabel Shorte,CLT008,UGX,Rainbow Bank,91071611,WFBIUS6S,SystemH,12/22/2020
Shirlene Gudgen,CLT009,EUR,Rainbow Bank,111104921,CITIUS33,SystemE,12-10-2020
Ula Turford,CLT010,RUB,Emerald Bank,42207735,FTBCUS3C,SystemH,10/25/2021
Rori Rodd,CLT001,EUR,Silver Lake Bank,321170444,CITIUS33,SystemJ,2/19/2020
Derward Riddall,CLT002,EUR,Maple Leaf Bank,63100714,BOFAUS3N,SystemE,11-12-2020
Saundra McParland,CLT003,CNY,Maple Leaf Bank,113110984,CITIUS33,SystemC,3/31/2021
Thibaud Marty,CLT004,EUR,Starlight Bank,55000770,PNCCUS33,SystemF,11/21/2020
Hunfredo Ryson,CLT005,BGN,Golden Gate Bank,51404985,WFBIUS6S,SystemB,06-11-2021
Mahala Foden,CLT006,BDT,Silver Lake Bank,101901396,CITIUS33,SystemH,5/16/2021
Roz Landrean,CLT007,MGA,Starlight Bank,51400646,BOFAUS3N,SystemH,2/20/2020
Vassili Croker,CLT008,CNY,Starlight Bank,54001204,BOFAUS3N,SystemB,7/28/2020
Sheffie Batts,CLT009,IDR,Starlight Bank,271970066,CITIUS33,SystemI,2/25/2021
Kamilah Benbow,CLT010,EUR,Silver Lake Bank,21313103,CITIUS33,SystemH,09-12-2020
Kelsey Erangey,CLT001,COP,Emerald Bank,44106397,CITIUS33,SystemD,02-07-2020
Silas Landrean,CLT002,THB,Golden Gate Bank,55002244,PNCCUS33,SystemG,10-08-2021
Ezequiel Dawidowsky,CLT003,IDR,Emerald Bank,221271265,SVRNUS33,SystemJ,03-01-2020
Edith Bounds,CLT004,IDR,Mountain View Bank,123206846,CITIUS33,SystemI,7/14/2020
Kellen Papes,CLT005,CNY,Rainbow Bank,72400670,PNCCUS33,SystemD,02-10-2020
Basil Larchiere,CLT006,CLP,Rainbow Bank,41205521,PNCCUS33,SystemI,08-11-2020
Jewelle Fenner,CLT007,PLN,Ocean Breeze Bank,74912577,PNCCUS33,SystemD,04-02-2020
Rossie Normaville,CLT008,SEK,Emerald Bank,111913798,NFBKUS33,SystemC,9/17/2021
Yorke Barnewelle,CLT009,NGN,Rainbow Bank,72413036,CHASUS33,SystemG,06-01-2021
Henrieta Tabram,CLT010,RUB,Emerald Bank,111909993,CITIUS33,SystemE,3/15/2020
Tove Patrick,CLT001,UZS,Maple Leaf Bank,72402348,FTBCUS3C,SystemH,12/28/2021
Reagan Addison,CLT002,EUR,Mountain View Bank,21404465,BOFAUS3N,SystemB,9/18/2021
Benson Ashbolt,CLT003,CNY,Mountain View Bank,123271978,CHASUS33,SystemA,11-08-2020
Mona Fielden,CLT004,RSD,Starlight Bank,21200575,PNCCUS33,SystemI,4/23/2020
Kikelia Mendonca,CLT005,CNY,Mountain View Bank,91000022,USBKUS44IMT,SystemE,11-06-2021
Maurie Upcraft,CLT006,EUR,Silver Lake Bank,62206431,CITIUS33,SystemE,04-04-2021
Fifine Kurt,CLT007,RUB,Ocean Breeze Bank,11000206,BOFAUS3N,SystemG,05-11-2020
Barbra Harbage,CLT008,IDR,Starlight Bank,44212922,CITIUS33,SystemJ,7/27/2021
Ron Cree,CLT009,EUR,Ocean Breeze Bank,122220849,CITIUS33,SystemG,10-09-2020
Karolina Moyles,CLT010,PLN,Ocean Breeze Bank,322271627,CHASUS33,SystemB,01-11-2020
Magdalena Erley,CLT001,RSD,Maple Leaf Bank,43305131,PNCCUS33,SystemI,07-09-2020
Cross Chill,CLT002,ZWL,Starlight Bank,241070417,CITIUS33,SystemJ,06-11-2021
Jocelin Elia,CLT003,CNY,Golden Gate Bank,113105449,WFBIUS6S,SystemG,10/26/2020
Alex Olifaunt,CLT004,CZK,Sunset Bank,112002080,BOFAUS3N,SystemF,05-05-2021
Farah Vern,CLT005,ILS,Ocean Breeze Bank,67007156,CITIUS33,SystemF,10/26/2020
Daron Maty,CLT006,PHP,Mountain View Bank,67008579,BOFAUS3N,SystemE,5/29/2020
Parry Cocklin,CLT007,SDG,Silver Lake Bank,63105544,CITIUS33,SystemH,03-07-2021
Shena Houldin,CLT008,RUB,Golden Gate Bank,71214126,FTBCUS3C,SystemI,5/20/2021
Brade Smitheman,CLT009,IDR,Sunset Bank,221270347,BOFAUS3N,SystemD,8/20/2021
Kellsie McGiff,CLT010,HNL,Rainbow Bank,111313631,CITIUS33,SystemG,12/20/2021
Charla Drayn,CLT001,CNY,Silver Lake Bank,121000358,BOFAUS3N,SystemG,1/17/2020
Elke Retchless,CLT002,PYG,Pineapple Bank,56007387,BOFAUS3N,SystemB,7/15/2021
Mae Corston,CLT003,VND,Starlight Bank,51401331,PNCCUS33,SystemA,03-02-2021
Orran Witcombe,CLT004,GEL,Maple Leaf Bank,65300211,CITIUS33,SystemA,7/16/2020
Marve Keates,CLT005,JPY,Golden Gate Bank,63115738,FTBCUS3C,SystemH,08-04-2021
Emory Godden,CLT006,EUR,Golden Gate Bank,71900948,CHASUS33,SystemJ,10-09-2020
Jarred Pamplin,CLT007,IDR,Sunset Bank,63110791,PNCCUS33,SystemE,12/26/2021
Ame O'Hollegan,CLT008,PHP,Ocean Breeze Bank,111015159,WFBIUS6S,SystemC,11-09-2020
Leena Dufore,CLT009,PHP,Silver Lake Bank,51409139,CITIUS33,SystemJ,10/19/2020
Rori Allabush,CLT010,EUR,Sunset Bank,103101330,CITIUS33,SystemH,12-08-2021
Johny Rupprecht,CLT001,BRL,Maple Leaf Bank,31313562,PNCCUS33,SystemI,10-11-2021
Giralda Chafer,CLT002,EUR,Maple Leaf Bank,242071305,PNCCUS33,SystemC,10/25/2021
Amalia Nicklinson,CLT003,THB,Maple Leaf Bank,64101301,CITIUS33,SystemD,8/31/2020
Barrie Gilffilland,CLT004,CNY,Rainbow Bank,226070571,NFBKUS33,SystemF,04-02-2021
Xylina Tidmas,CLT005,BGN,Starlight Bank,226070717,MRMDUS33,SystemD,4/14/2021
Shawnee Persich,CLT006,ARS,Silver Lake Bank,255072935,WFBIUS6S,SystemD,07-03-2021
Marrissa Pettie,CLT007,CNY,Sunset Bank,21309201,CITIUS33,SystemG,06-12-2020
Missy Burleton,CLT008,RUB,Pineapple Bank,311972652,CITIUS33,SystemG,09-06-2021
Ava McDermid,CLT009,CNY,Emerald Bank,21202175,WFBIUS6S,SystemC,10/20/2020
Jeniece Sellens,CLT010,RUB,Silver Lake Bank,111909867,CITIUS33,SystemG,12/16/2021
Joachim Scudder,CLT001,THB,Emerald Bank,313173349,NFBKUS33,SystemC,05-08-2021
Kendall MacInerney,CLT002,RSD,Rainbow Bank,121108250,BOFAUS3N,SystemG,10-04-2020
Lockwood Marris,CLT003,SEK,Maple Leaf Bank,122000661,BOFAUS3N,SystemJ,12-12-2021
Haywood Slobom,CLT004,HRK,Golden Gate Bank,71925130,FTBCUS3C,SystemA,9/20/2021
Kermy Mannix,CLT005,EUR,Silver Lake Bank,21001318,BOFAUS3N,SystemC,3/24/2020
Eudora Harsnipe,CLT006,CNY,Mountain View Bank,111101377,NFBKUS33,SystemC,11/26/2021
Redford Peek,CLT007,ILS,Golden Gate Bank,53200446,BOFAUS3N,SystemJ,11-03-2020
Pall Friar,CLT008,UAH,Maple Leaf Bank,111908965,CITIUS33,SystemH,12-09-2021
Kale Peasegod,CLT009,THB,Silver Lake Bank,122487307,WFBIUS6S,SystemH,12-03-2020
Sib Wetherell,CLT010,RUB,Sunset Bank,81503380,CITIUS33,SystemJ,4/20/2020
Andie Wessing,CLT001,IDR,Maple Leaf Bank,65300211,CITIUS33,SystemJ,08-03-2020
Cece Houndsom,CLT002,EUR,Golden Gate Bank,81503380,CITIUS33,SystemG,6/30/2020
Annemarie Samwayes,CLT003,COP,Ocean Breeze Bank,61203257,PNCCUS33,SystemC,3/17/2020
Murray Kornes,CLT004,CNY,Golden Gate Bank,26002626,MRMDUS33,SystemD,9/21/2021
Ginger Jojic,CLT005,ZAR,Ocean Breeze Bank,21272723,CHASUS33,SystemF,1/28/2020
Ancell Crocumbe,CLT006,ALL,Starlight Bank,74905225,CITIUS33,SystemG,6/24/2021
Olia Toseland,CLT007,CNY,Ocean Breeze Bank,92900985,CITIUS33,SystemB,2/25/2020
Meridel Bulluck,CLT008,NGN,Starlight Bank,122220849,CITIUS33,SystemJ,02-03-2021
Constantin Smithin,CLT009,RUB,Pineapple Bank,267086058,BOFAUS3N,SystemE,7/31/2021
Tyne Celiz,CLT010,XOF,Mountain View Bank,122220849,CITIUS33,SystemD,07-05-2020
Elihu Rustan,CLT001,EUR,Golden Gate Bank,51404985,WFBIUS6S,SystemG,3/19/2020
Amberly Secret,CLT002,JPY,Silver Lake Bank,254070019,WFBIUS6S,SystemA,5/20/2020
Mira Dewdney,CLT003,BYR,Emerald Bank,63100277,BOFAUS3N,SystemC,8/19/2021
Mordecai Vogeler,CLT004,CNY,Pineapple Bank,311972652,CITIUS33,SystemJ,2/25/2021
Blondie Toby,CLT005,IDR,Mountain View Bank,71001041,USBKUS44IMT,SystemD,02-02-2021
Heriberto Iacovo,CLT006,PLN,Golden Gate Bank,72409888,FTBCUS3C,SystemH,7/28/2020
Fawnia Borrington,CLT007,CNY,Sunset Bank,83002342,FTBCUS3C,SystemH,11-04-2020
Mycah Sail,CLT008,MXN,Starlight Bank,71103619,BOFAUS3N,SystemA,6/26/2021
Sheena Fannin,CLT009,CNY,Ocean Breeze Bank,101104494,CITIUS33,SystemF,11-07-2021
Keane Mallan,CLT010,BOB,Maple Leaf Bank,226072375,NFBKUS33,SystemE,03-11-2021
Candra Tixier,CLT001,EUR,Maple Leaf Bank,104106509,CITIUS33,SystemE,11-10-2021
Dov Yanshinov,CLT002,CNY,Golden Gate Bank,102201244,BOFAUS3N,SystemA,12-12-2021
Tobe Rampton,CLT003,IDR,Emerald Bank,63106006,BOFAUS3N,SystemE,01-11-2021
Becky Mayger,CLT004,EUR,Starlight Bank,11500337,BOFAUS3N,SystemF,12/22/2021
Rupert Sustin,CLT005,CNY,Maple Leaf Bank,64205388,CITIUS33,SystemC,09-04-2020
Gaston Gotthard,CLT006,EUR,Emerald Bank,81000058,BOFAUS3N,SystemI,1/20/2021
Johnette Dubs,CLT007,HRK,Starlight Bank,114921172,CHASUS33,SystemD,2/14/2021
Cordelie Bourbon,CLT008,CNY,Mountain View Bank,71900799,FTBCUS3C,SystemC,05-01-2020
Analise Ronchi,CLT009,DOP,Emerald Bank,31300465,WFBIUS6S,SystemB,10/16/2021
Adel Codman,CLT010,PHP,Ocean Breeze Bank,71923323,FTBCUS3C,SystemA,10/23/2021
Bartie Snel,CLT001,EUR,Ocean Breeze Bank,31100225,WFBIUS6S,SystemB,4/23/2020
Antoni Smedmoor,CLT002,ALL,Maple Leaf Bank,28001489,CITIUS33,SystemB,1/28/2021
Netta Hanbury,CLT003,CNY,Mountain View Bank,82000073,BOFAUS3N,SystemH,8/17/2021
Chryste Wykey,CLT004,USD,Emerald Bank,236073474,BOFAUS3N,SystemC,11-06-2021
Dean Wanstall,CLT005,IDR,Emerald Bank,114907633,CITIUS33,SystemH,08-03-2020
Brinna Ioan,CLT006,CNY,Emerald Bank,21206676,SVRNUS33,SystemD,1/26/2020
Wilfrid Noulton,CLT007,PEN,Rainbow Bank,107005607,BOFAUS3N,SystemA,11/13/2021
Gracie Polleye,CLT008,JPY,Ocean Breeze Bank,52100893,PNCCUS33,SystemF,9/14/2020
Chelsae Marages,CLT009,MKD,Rainbow Bank,81000032,BOFAUS3N,SystemB,8/18/2021
Pepita Barta,CLT010,COP,Pineapple Bank,91900465,WFBIUS6S,SystemH,12/13/2020
Lamond Mayell,CLT001,PLN,Rainbow Bank,221272332,SVRNUS33,SystemB,10/21/2021
Angele Liebmann,CLT002,CNY,Starlight Bank,125000024,BOFAUS3N,SystemH,07-02-2021
Greer Lambertson,CLT003,IDR,Sunset Bank,321070007,CITIUS33,SystemG,10/28/2021
Chickie Theakston,CLT004,BGN,Emerald Bank,226070555,NFBKUS33,SystemI,5/15/2021
Madelon Vannuccini,CLT005,PHP,Maple Leaf Bank,271972718,USBKUS44IMT,SystemC,5/28/2021
Gwendolen Stodhart,CLT006,PYG,Mountain View Bank,64205388,CITIUS33,SystemC,10-04-2021
Gigi Kinnar,CLT007,CNY,Emerald Bank,22310422,CITIUS33,SystemI,11/27/2021
Evelyn Bendel,CLT008,CNY,Pineapple Bank,61101155,WFBIUS6S,SystemB,1/30/2020
Selig Wickey,CLT009,AFN,Golden Gate Bank,81010860,PNCCUS33,SystemG,01-09-2020
Iggy Abella,CLT010,HNL,Starlight Bank,61101197,CITIUS33,SystemD,06-06-2020
Emerson Negus,CLT001,IDR,Mountain View Bank,84301767,BOFAUS3N,SystemH,10/30/2021
Melania Albro,CLT002,BAM,Mountain View Bank,11100106,WFBIUS6S,SystemB,11/19/2021
Jessika Buxam,CLT003,BDT,Ocean Breeze Bank,65401246,NFBKUS33,SystemH,7/31/2020
Nixie Rospars,CLT004,MXN,Mountain View Bank,72401585,PNCCUS33,SystemC,01-09-2021
Nikolas Mellmoth,CLT005,EUR,Sunset Bank,124000012,WFBIUS6S,SystemC,9/13/2020
Filberte Shortin,CLT006,EUR,Starlight Bank,11500337,BOFAUS3N,SystemB,5/17/2021
Ermengarde Broadhead,CLT007,COP,Silver Lake Bank,111900510,NFBKUS33,SystemB,02-07-2021
Jamison Cherrington,CLT008,CNY,Emerald Bank,72403907,FTBCUS3C,SystemJ,12/21/2020
Daveen Haldane,CLT009,BTN,Rainbow Bank,321070007,CITIUS33,SystemD,06-04-2021
Perle Krzyzanowski,CLT010,IDR,Starlight Bank,322271627,CHASUS33,SystemF,12/21/2020
Alverta Pattle,CLT001,SEK,Silver Lake Bank,26073079,WFBIUS6S,SystemF,10-10-2021
Sherry Fidian,CLT002,EUR,Maple Leaf Bank,221371822,MRMDUS33,SystemJ,8/13/2020
Merrilee Brockie,CLT003,AFN,Silver Lake Bank,81000058,BOFAUS3N,SystemG,3/22/2020
Hallsy Crayton,CLT004,VND,Sunset Bank,103000813,CHASUS33,SystemB,12-01-2021
Doris Simoncelli,CLT005,SEK,Ocean Breeze Bank,86300041,FTBCUS3C,SystemA,9/28/2020
Bethena Chelsom,CLT006,JPY,Maple Leaf Bank,82907464,BOFAUS3N,SystemG,06-07-2021
Andra Flye,CLT007,RUB,Rainbow Bank,22310422,CITIUS33,SystemH,10-10-2021
Jeremiah Steinor,CLT008,USD,Sunset Bank,31200730,WFBIUS6S,SystemG,10-05-2021
Angelico Mealham,CLT009,MAD,Sunset Bank,21000128,CHASUS33,SystemG,8/29/2021
Marillin Hufton,CLT010,DKK,Sunset Bank,51404985,WFBIUS6S,SystemF,8/14/2021
Felicia Abramamovh,CLT001,PLN,Pineapple Bank,271973791,PNCCUS33,SystemG,1/30/2021
Nedda Lesslie,CLT002,UAH,Rainbow Bank,122187076,WFBIUS6S,SystemC,12-02-2020
Gaelan Redwin,CLT003,EUR,Starlight Bank,271070607,PNCCUS33,SystemI,08-02-2021
Marylinda Tolley,CLT004,CNY,Maple Leaf Bank,272471438,FTBCUS3C,SystemH,01-08-2020
Peggie Baly,CLT005,SOS,Starlight Bank,72401585,PNCCUS33,SystemI,4/13/2020
Miguel Fielders,CLT006,COP,Rainbow Bank,31176110,NFBKUS33,SystemI,6/17/2020
Sallie Sharpless,CLT007,USD,Ocean Breeze Bank,111915709,NFBKUS33,SystemG,12/26/2021
Nikoletta Dobey,CLT008,PHP,Golden Gate Bank,111913798,NFBKUS33,SystemF,7/27/2021
Jere Watman,CLT009,IDR,Maple Leaf Bank,21200559,WFBIUS6S,SystemG,11/18/2021
Dorena Behn,CLT010,PYG,Ocean Breeze Bank,81019104,FTBCUS3C,SystemF,10-07-2020
Ange Huckle,CLT001,THB,Emerald Bank,71121471,FTBCUS3C,SystemI,10/22/2021
Dianne Lissaman,CLT002,IDR,Starlight Bank,83002342,FTBCUS3C,SystemI,12-02-2021
Regan Sindle,CLT003,PHP,Sunset Bank,122239937,CITIUS33,SystemH,06-10-2021
Pierrette Stockwell,CLT004,CZK,Silver Lake Bank,242071758,FTBCUS3C,SystemD,08-10-2020
Milzie Druce,CLT005,IDR,Maple Leaf Bank,75906171,CITIUS33,SystemD,01-10-2020
Morgen Inns,CLT006,CNY,Starlight Bank,122402159,CITIUS33,SystemG,10/13/2021
Cathy Eidelman,CLT007,NIO,Rainbow Bank,111908965,CITIUS33,SystemH,02-06-2020
Feodora Ambrozik,CLT008,PHP,Maple Leaf Bank,114921172,CHASUS33,SystemD,12/31/2020
Saloma Ickowics,CLT009,TZS,Ocean Breeze Bank,21202719,CHASUS33,SystemH,11-08-2021
Keene Dorbin,CLT010,USD,Golden Gate Bank,104902062,CITIUS33,SystemD,9/23/2020
Merrili Rushforth,CLT001,USD,Silver Lake Bank,101001173,BOFAUS3N,SystemC,5/13/2021
Cassie MacNalley,CLT002,KZT,Golden Gate Bank,64101576,USBKUS44IMT,SystemB,08-01-2020
Iggy Hebblewhite,CLT003,IDR,Mountain View Bank,81904808,BOFAUS3N,SystemE,10/30/2021
Constantine Merck,CLT004,USD,Silver Lake Bank,82000549,USBKUS44IMT,SystemJ,4/22/2021
Gabriela Hobson,CLT005,RUB,Ocean Breeze Bank,11301646,BOFAUS3N,SystemI,11/24/2021
Welbie Kellog,CLT006,BRL,Sunset Bank,101111351,CITIUS33,SystemE,02-02-2020
Celinda Wrench,CLT007,MXN,Golden Gate Bank,101200453,USBKUS44IMT,SystemF,11/25/2020
Nicholle Segot,CLT008,IDR,Ocean Breeze Bank,42201948,USBKUS44IMT,SystemE,3/30/2021
Hershel Ginnally,CLT009,CNY,Silver Lake Bank,26002626,MRMDUS33,SystemA,9/16/2021
Jazmin Llop,CLT010,RUB,Rainbow Bank,61119639,PNCCUS33,SystemH,2/22/2021
Gordy Magister,CLT001,VEF,Mountain View Bank,122402159,CITIUS33,SystemE,6/19/2020
Margalit Sharphouse,CLT002,ZAR,Sunset Bank,55001122,PNCCUS33,SystemH,02-08-2020
Evaleen Agott,CLT003,KWD,Mountain View Bank,74000010,CHASUS33,SystemF,6/21/2021
Jimmie Basnett,CLT004,MNT,Ocean Breeze Bank,11804185,BOFAUS3N,SystemI,7/20/2021
Galvan Jansen,CLT005,EUR,Maple Leaf Bank,221270347,BOFAUS3N,SystemE,10-08-2021
Vaclav Bullene,CLT006,COP,Silver Lake Bank,114000653,BOFAUS3N,SystemG,5/17/2021
Viv Connachan,CLT007,MYR,Ocean Breeze Bank,51409223,CITIUS33,SystemA,9/22/2020
Harri Penchen,CLT008,IDR,Pineapple Bank,221270347,BOFAUS3N,SystemF,12/21/2021
Marya Kelsall,CLT009,CNY,Pineapple Bank,114921172,CHASUS33,SystemI,06-10-2020
Towny MacSween,CLT010,CNY,Mountain View Bank,271970066,CITIUS33,SystemG,7/17/2020
Dmitri Shilvock,CLT001,USD,Mountain View Bank,61192630,PNCCUS33,SystemI,8/24/2020
Becka Bamforth,CLT002,EUR,Emerald Bank,111900659,WFBIUS6S,SystemF,06-04-2020
Tiphani Dodsley,CLT003,BRL,Pineapple Bank,21201011,WFBIUS6S,SystemD,2/27/2021
Janel Skillett,CLT004,THB,Ocean Breeze Bank,63113057,FTBCUS3C,SystemE,12-05-2021
Markos Carlens,CLT005,MXN,Pineapple Bank,321180748,CHASUS33,SystemA,2/14/2020
Killy Jecock,CLT006,EUR,Sunset Bank,53201610,BOFAUS3N,SystemI,10/29/2021
Dex Jackson,CLT007,IDR,Rainbow Bank,221272332,SVRNUS33,SystemI,03-10-2021
Teressa Commusso,CLT008,ZAR,Silver Lake Bank,242170031,PNCCUS33,SystemH,6/19/2021
Xylia Beade,CLT009,IDR,Golden Gate Bank,111900510,NFBKUS33,SystemJ,12/25/2020
Arvy D'Almeida,CLT010,XAF,Silver Lake Bank,122000658,BOFAUS3N,SystemD,10-07-2021
